id,prov_id,provenance_url
1,data_who_int_1,https://data.who.int/indicators/i/24C65FE/27D371A
2,data_who_int_2,https://data.who.int/indicators/i/80BEA0B/E2FC6D7
3,data_who_int_3,https://data.who.int/indicators/i/7DA4E68/608DE39
4,data_who_int_4,https://data.who.int/indicators/i/C6262EC/BEFA58B
5,data_who_int_5,https://data.who.int/indicators/i/847662C/75DDA77
6,data_who_int_6,https://data.who.int/indicators/i/5BB5C49/3F2B37D
7,data_who_int_7,https://data.who.int/indicators/i/FAABF2E/C3FF6F5
8,data_who_int_8,https://data.who.int/indicators/i/CF339A9/94C7B13
9,data_who_int_9,https://data.who.int/indicators/i/C25EFD6/9F88C44
10,data_who_int_10,https://data.who.int/indicators/i/CCCEBB2/217795A
11,data_who_int_11,https://data.who.int/indicators/i/B54EB15/5C8435F
12,data_who_int_12,https://data.who.int/indicators/i/C668579/45CA7C8
13,data_who_int_13,https://data.who.int/indicators/i/48D7D19/F8E084C
14,data_who_int_14,https://data.who.int/indicators/i/8C8FB8F/B9C6C79
15,data_who_int_15,https://data.who.int/indicators/i/B868307/442CEA8
16,data_who_int_16,https://data.who.int/indicators/i/A38EC3D/A18C32A
17,data_who_int_17,https://data.who.int/indicators/i/A38EC3D/8EFE438
18,data_who_int_18,https://data.who.int/indicators/i/A38EC3D/38B643F
19,data_who_int_19,https://data.who.int/indicators/i/87345F3/F810947
20,data_who_int_20,https://data.who.int/indicators/i/48D9B0C/C64284D
21,data_who_int_21,https://data.who.int/indicators/i/62D8ABE/F513188
22,data_who_int_22,http://data.who.int/indicators/i/49AC786/77D059C
23,data_who_int_23,https://data.who.int/indicators/i/78FE18D/C247A9B
24,data_who_int_24,https://data.who.int/indicators/i/A7398F0/287D1D2
25,data_who_int_25,https://data.who.int/indicators/i/9A84EA5/FDBB8E8
26,data_who_int_26,https://data.who.int/indicators/i/BEDE3DB/E0D4E17
27,data_who_int_27,https://data.who.int/indicators/i/BEDE3DB/F8524F2
28,data_who_int_28,https://data.who.int/indicators/i/49A0B06/6DB6AD1
29,data_who_int_29,https://data.who.int/indicators/i/A21CFC2/90E2E48
30,data_who_int_30,https://data.who.int/indicators/i/C071DCB/AC597B1
31,data_who_int_31,https://data.who.int/indicators/i/B17F8BC/BB4567B
32,data_who_int_32,https://data.who.int/indicators/i/C123B15/ED50112
33,data_who_int_33,https://data.who.int/indicators/i/60A0E76/361734E
34,data_who_int_34,https://data.who.int/indicators/i/55CF708/84FD3DE
35,data_who_int_35,https://data.who.int/indicators/i/95935F3/2D6FBE4
36,data_who_int_36,https://data.who.int/indicators/i/E3CAF2B/A4C49D3
37,data_who_int_37,https://data.who.int/indicators/i/EB68992/2674B38
38,data_who_int_38,https://data.who.int/indicators/i/A790D0E/D658237
39,data_who_int_39,https://data.who.int/indicators/i/A790D0E/8278346
40,data_who_int_40,https://data.who.int/indicators/i/E9B9A2A/A3AB9A6
41,data_who_int_41,https://data.who.int/indicators/i/6379EFF/7D947CD
42,data_who_int_42,https://data.who.int/indicators/i/399A8A1/60D6654
43,data_who_int_43,https://data.who.int/indicators/i/21A69FA/4AF995F
44,data_who_int_44,https://data.who.int/indicators/i/21A69FA/BBF3A64
45,data_who_int_45,https://data.who.int/indicators/i/B4715F3/19E688D
46,data_who_int_46,https://data.who.int/indicators/i/1BA8726/6D2C859
47,data_who_int_47,https://data.who.int/indicators/i/C8F3875/EFD863D
48,data_who_int_48,https://data.who.int/indicators/i/FAABF2E/293A4EC
49,data_who_int_49,https://data.who.int/indicators/i/918081E/745F475
50,data_who_int_50,https://data.who.int/indicators/i/918081E/5DD9606
51,data_who_int_51,https://data.who.int/indicators/i/6379EFF/DC7B4C6
52,data_who_int_52,https://data.who.int/indicators/i/4B4DAF2/D45F91C
53,data_who_int_53,https://data.who.int/indicators/i/495C2F7/7B2BFA6
54,data_who_int_54,https://data.who.int/indicators/i/41D099F/8D58801
55,data_who_int_55,https://data.who.int/indicators/i/C6262EC/EF93DDB
56,data_who_int_56,https://data.who.int/indicators/i/3AA5F44/64E2430
57,data_who_int_57,https://data.who.int/indicators/i/A5A7413/5F8A486
58,data_who_int_58,https://data.who.int/indicators/i/6461116/FC5231F
59,data_who_int_59,https://data.who.int/indicators/i/C540135/1F96863
60,data_who_int_60,https://data.who.int/indicators/i/F835E3B/1772666
61,data_who_int_61,https://data.who.int/indicators/i/E645FC7/D2A45A5
62,data_who_int_62,https://data.who.int/indicators/i/21B89A9/D1223E8
63,data_who_int_63,https://data.who.int/indicators/i/4CDFDDA/12EE54A
64,data_who_int_64,https://data.who.int/indicators/i/5131A52/1548EA3
65,data_who_int_65,https://data.who.int/indicators/i/D66483C/6A64C9A
66,data_who_int_66,https://data.who.int/indicators/i/6EFF579/A37BDD6
67,data_who_int_67,https://data.who.int/indicators/i/F2772F7/8074BD9
68,data_who_int_68,https://data.who.int/indicators/i/B9D9E6A/D6176E2
69,data_who_int_69,https://data.who.int/indicators/i/A1B2C3D/E4F5G6H
70,data_who_int_70,https://data.who.int/indicators/i/A8BDA6A/4457FC6
71,data_who_int_71,https://data.who.int/indicators/i/F08B4FD/16BBF41
72,data_who_int_72,https://data.who.int/indicators/i/E9B9A2A/81597BC
73,data_who_int_73,https://data.who.int/indicators/i/56CEFE3/1AE036E
74,data_who_int_74,https://data.who.int/indicators/i/56CEFE3/CDE3F68
75,data_who_int_75,https://data.who.int/indicators/i/86296A6/8767F99
76,data_who_int_76,https://data.who.int/indicators/i/D674C44/CFFACC6
77,data_who_int_77,https://data.who.int/indicators/i/45274BD/F5556F8
78,data_who_int_78,https://data.who.int/indicators/i/1DF5AD9/CCEB8D7
79,data_who_int_79,https://data.who.int/indicators/i/39E4281/F1912F6
80,data_who_int_80,https://data.who.int/indicators/i/AFDF581/E026BDF
81,data_who_int_81,https://data.who.int/indicators/i/DCDC2EB/625E736
82,data_who_int_82,https://data.who.int/indicators/i/EF38E6A/EE6F72A
83,data_who_int_83,https://data.who.int/indicators/i/1891124/449F55C
84,data_who_int_84,https://data.who.int/indicators/i/1891124/5D51DB1
85,data_who_int_85,https://data.who.int/indicators/i/13B4226/C288D13
86,data_who_int_86,https://data.who.int/indicators/i/EB68992/2674B39
87,data_who_int_87,https://data.who.int/indicators/i/E3CAF2B/2322814
88,data_who_int_88,https://data.who.int/indicators/i/3805B1E/9A706FD
