import_name,category,import groups,auto import group,parent directory,latestObservationDate,DDD LatestObservationDate,Metadata,lastDataRefreshDate,import URL,Dataset Name,Dataset URL,Source Name,Source URL,Feb 2026 Audit Comments,Comment,Days since last refresh (Today - H),Stale Days (G-H),
EPA_GHGRP,STATS,auto2w,auto2w,us_stats,2023,                                                         2025-30-07,,,https://www.epa.gov/ghgreporting,Greenhouse Gas Reporting Program,https://www.epa.gov/enviro/greenhouse-gas-overview,,https://www.epa.gov/,Other,,,#VALUE!,
StormNOAA,ENTITY,disaster,,us_stats,,2026-02-19,,2025-10-25,https://www.ncdc.noaa.gov/,National Climatic Data Center Storm Events Database,https://www.ncdc.noaa.gov/stormevents/ftp.jsp,,https://www.noaa.gov/,Refresh required,https://www.ncei.noaa.gov/pub/data/swdi/stormevents/csvfiles/,151,,
NASA_NEXGDDP_Subnational,STATS,ipcc,,ipcc,2100-12,2023-08-30,,2022-08-07,https://www.nccs.nasa.gov/services/data-collections/land-based-products/nex-gddp,NEX - Global Downscaled Climate Projections from IPCC CMIP5,https://www.nccs.nasa.gov/services/data-collections/land-based-products/nex-gddp,,https://www.nasa.gov/,Refresh required,Asked Gemini how to access the data and it directed me to - https://ds.nccs.nasa.gov/thredds/catalog/bypass/NEX-GDDP/bcsd/rcp45/r1i1p1/tasmin/catalog.html?dataset=bypass/NEX-GDDP/bcsd/rcp45/r1i1p1/tasmin/inmcm4.ncml ,"1,326",#VALUE!,
NASA_NEXGDDP_CMIP6_IpccPlaces50,STATS,ipcc,,ipcc,2100-12,2025-05-31,,2022-08-07,https://www.nccs.nasa.gov/services/data-collections/land-based-products/nex-gddp-cmip6,NEX - Global Downscaled Climate Projections from IPCC CMIP6,https://www.nccs.nasa.gov/services/data-collections/land-based-products/nex-gddp-cmip6,,https://www.nasa.gov/,Refresh required,,"1,326",#VALUE!,6.14%
NASA_NEXGDDP_CMIP6_Subnational,STATS,ipcc,,ipcc,2100-12,2025-05-31,,2022-08-07,https://www.nccs.nasa.gov/services/data-collections/land-based-products/nex-gddp-cmip6,NEX - Global Downscaled Climate Projections from IPCC CMIP6,https://www.nccs.nasa.gov/services/data-collections/land-based-products/nex-gddp-cmip6,,https://www.nasa.gov/,Refresh required,,"1,326",#VALUE!,
Copernicus_ECMWF_ERA5_Monthly,STATS,"infrequent, ipcc",,ipcc,2020-06,2025-12-11,,2022-09-15,https://cds.climate.copernicus.eu/cdsapp#!/dataset/reanalysis-era5-single-levels,Copernicus ECMWF - ERA5 Climate Reanalysis Data,https://cds.climate.copernicus.eu/cdsapp#!/dataset/reanalysis-era5-single-levels,,https://www.copernicus.eu/en,Refresh required,,"1,287",#VALUE!,
NOAA_EPA_Observed_Historical_Weather,STATS,"infrequent, ipcc",,ipcc,2024-03,2025-12-12,,2024-03-25,https://www.noaa.gov/,NOAA-EPA Observed Weather Data,https://www.ncei.noaa.gov/products/land-based-station/global-historical-climatology-network-daily,,https://www.noaa.gov/,Refresh required,,730,#VALUE!,
NASA_NEXGDDP_Country,STATS,ipcc,,ipcc,2100-12,2023-08-30,,2022-06-02,https://www.nccs.nasa.gov/services/data-collections/land-based-products/nex-gddp,NEX - Global Downscaled Climate Projections from IPCC CMIP5,https://www.nccs.nasa.gov/services/data-collections/land-based-products/nex-gddp,,https://www.nasa.gov/,Refresh required,,"1,392",#VALUE!,
NASA_NEXGDDP_CMIP6_Subnational_Histogram,STATS,ipcc,,ipcc,2049,2025-05-31,,2023-08-25,https://www.nccs.nasa.gov/services/data-collections/land-based-products/nex-gddp-cmip6,NEX - Global Downscaled Climate Projections from IPCC CMIP6,https://www.nccs.nasa.gov/services/data-collections/land-based-products/nex-gddp-cmip6,,https://www.nasa.gov/,Refresh required,,943,"43,759",
NASA_NEXGDDP_CMIP6_Subnational_PDFs,STATS,ipcc,,ipcc,2049,2025-05-31,,,https://www.nccs.nasa.gov/services/data-collections/land-based-products/nex-gddp-cmip6,NEX - Global Downscaled Climate Projections from IPCC CMIP6,https://www.nccs.nasa.gov/services/data-collections/land-based-products/nex-gddp-cmip6,,https://www.nasa.gov/,Refresh required,,,"43,759",
IndiaCensus_PrimarySC,STATS,infrequent,,india_stats,2011,2026-02-02,,2022-06-02,https://censusindia.gov.in/,India Census Tables,https://censusindia.gov.in/census.website/data/census-tables ,,https://censusindia.gov.in/,Refresh required,,"1,392","44,044",
IndiaCensus_PrimaryHouseless,STATS,infrequent,,india_stats,2011,2026-02-02,,2022-06-02,https://censusindia.gov.in/,India Census Tables,https://censusindia.gov.in/census.website/data/census-tables ,,https://censusindia.gov.in/,Refresh required,,"1,392","44,044",
IndiaPLFS_Wages,STATS,infrequent,,india_stats,2021-04,2025-08-25,,2022-08-05,https://mospi.gov.in/web/plfs,Periodic Labour Force Survey,https://mospi.gov.in/web/plfs ,,https://mospi.gov.in/,Refresh required,,"1,328",#VALUE!,
IndiaCensus_PrimaryReligion,STATS,infrequent,,india_stats,2011,2026-02-02,,2022-06-02,https://censusindia.gov.in/,India Census Tables,https://censusindia.gov.in/census.website/data/census-tables ,,https://censusindia.gov.in/,Refresh required,,"1,392","44,044",
IndiaCensus_PrimaryST,STATS,infrequent,,india_stats,2011,2026-02-02,,2022-06-02,https://censusindia.gov.in/,India Census Tables,https://censusindia.gov.in/census.website/data/census-tables ,,https://censusindia.gov.in/,Refresh required,,"1,392","44,044",
IndiaCensus_Primary,STATS,infrequent,,india_stats,2011,2026-02-02,,2022-06-02,https://censusindia.gov.in/,India Census Tables,https://censusindia.gov.in/census.website/data/census-tables ,,https://censusindia.gov.in/,Refresh required,,"1,392","44,044",
EuroStatHealth_AlcoholConsumption,STATS,auto1w,auto1w,international_stats,2019,2026-01-19,,2026-01-02,https://ec.europa.eu/eurostat/web/main/data/database,EuroStat Health,https://ec.europa.eu/eurostat/web/health/data/database,,https://ec.europa.eu/eurostat,Refresh required,https://ec.europa.eu/eurostat/databrowser/view/sdg_03_60/default/table?lang=en,82,"44,022",
EurostatHealth_Tobacco_Consumption,STATS,auto1w,auto1w,international_stats,2019,2025-07-05,,2026-01-02,https://ec.europa.eu/eurostat/web/main/data/database,EuroStat Health,https://ec.europa.eu/eurostat/web/health/data/database,,https://ec.europa.eu/eurostat,Refresh required,,82,"43,824",
EuroStatHealth_FruitsAndVegetables,STATS,auto1w,auto1w,international_stats,2019,2026-01-22,,2026-01-02,https://ec.europa.eu/eurostat/web/main/data/database,EuroStat Health,https://ec.europa.eu/eurostat/web/health/data/database,,https://ec.europa.eu/eurostat,Refresh required,https://ec.europa.eu/eurostat/databrowser/view/sdg_03_60/default/table?lang=en,82,"44,025",
OpportunityInsightsOutcomes,STATS,infrequent,,us_stats,2015,N/A,,,http://opportunityinsights.org/data,The Opportunity Atlas,https://opportunityinsights.org/data/,,https://opportunityinsights.org/,Refresh required,,,#VALUE!,
India_NFHS,STATS,"auto2w, country",auto2w,international_stats,2019,2026-02-24,,2026-01-19,"https://ndap.niti.gov.in/dataset/6821, https://ndap.niti.gov.in/dataset/7034, https://ndap.niti.gov.in/dataset/6822",India National Family Health Survey,https://ndap.niti.gov.in/dataset/6822,,https://niti.gov.in/,Refresh required,,65,"44,058",
CDC_PM25CensusTract,STATS,auto1w,auto1w,us_stats,2020-12-31,2018-06-05,,,https://data.cdc.gov/browse?category=Environmental+Health+%26+Toxicology,Environmental Health Toxicology,https://data.cdc.gov/browse?category=Environmental+Health+%26+Toxicology%22,,https://www.cdc.gov/,Refresh required,,,-940,
NCSES_Research_Doctorate_Recipients_Import,STATS,auto2w,auto2w,us_stats,2021,2026-02-18,,2026-01-26,https://ncses.nsf.gov/pubs/nsf23300/data-tables,National Center for Science and Engineering Statistics,https://ncses.nsf.gov/,,https://www.nsf.gov/,Refresh required,,58,"44,050",
EPACriteriaAirPollutants,STATS,"infrequent, frequent",,us_stats,2024-11-01,2026-01-29,,,https://aqs.epa.gov/aqsweb/airdata/download_files.html,Air Data,https://www.epa.gov/outdoor-air-quality-data,,https://www.epa.gov/,Refresh required,,,454,
EPA_USAirPollutantEmissionTrends_County,STATS,infrequent,,us_stats,2017,2025-04-16,,2022-09-14,https://www.epa.gov/air-emissions-inventories/air-pollutant-emissions-trends-data,National Emissions Inventory,https://www.epa.gov/air-emissions-inventories/national-emissions-inventory-nei,,https://www.epa.gov/,Refresh required,,"1,288","43,746",
US_Federal_Rates,STATS,"country, searchaim",,us_stats,2025-05-02,2026-02-23,,2026-01-31,https://www.federalreserve.gov/DataDownload/Choose.aspx?rel=H15,US Federal Reserve H.15 Interest Rates,https://www.federalreserve.gov/DataDownload/Choose.aspx?rel=H15,,https://www.federalreserve.gov/,Refresh required,,53,297,
CDCMortality,STATS,infrequent,,us_stats,2017,2026-02-18,,2022-06-02,https://wonder.cdc.gov/mcd.html,Wonder: Compressed Mortality,https://wonder.cdc.gov/cmf-icd10.html,,https://www.cdc.gov/,Refresh required,,"1,392","44,054",
USDA_AgricultureCensus,STATS,"auto2w, frequent",auto2w,us_stats,2022,2026-02-03,,2026-02-01,https://www.nass.usda.gov/AgCensus/,Census of Agriculture,https://www.nass.usda.gov/AgCensus/,,https://www.usda.gov/,Refresh required,,52,"44,034",
CDCWonderNatality,STATS,infrequent,,us_stats,2022,2026-02-18,,2023-12-18,https://wonder.cdc.gov/natality.html,Wonder: Natality,https://wonder.cdc.gov/natality.html,,https://www.cdc.gov/,Refresh required,,828,"44,049",
Zurich_Population_Number_Of_Company_Workplace_Employees,STATS,auto2w,auto2w,international_stats,2022,2025-12-16,,2026-01-29,https://www.stadt-zuerich.ch/content/dam/web/de/politik-verwaltung/statistik-und-daten/linked-open-data/datacommons/wir_2552_wiki.csv,Zurich population,https://data.stadt-zuerich.ch/,,https://data.stadt-zuerich.ch//,Refresh required,https://data.stadt-zuerich.ch/dataset/prd_stez_bevoelkerungsbefragungen_seit2019_od4732,55,"43,985",
NCSES_Median_Annual_Salary_Import,STATS,auto2w,auto2w,us_stats,2023,2026-02-18,,2026-01-27,https://ncses.nsf.gov/pubs/nsf23306#section13069,National Center for Science and Engineering Statistics,https://ncses.nsf.gov/,,https://www.nsf.gov/,Refresh required,Got the date from this page: https://ncses.nsf.gov/search?query=&excludePubAssets=false&minYear=&maxYear=&years=2026&archived=on&pageSize=40&sort=date&page= ,57,"44,048",
New_Zealand_Census,STATS,"frequent, auto2w",auto2w,international_stats,2023,2026-02-17,,2026-02-03,https://www.stats.govt.nz/,New Zealand Census,https://www.stats.govt.nz/topics/population,,https://www.stats.govt.nz/,Refresh required,,50,"44,047",
EurostatData_LifeExpectancy,STATS,"laelaps, auto1w",auto1w,international_stats,2023,2026-02-24,,2026-02-03,https://ec.europa.eu/eurostat/databrowser/view/demo_r_mlifexp/default/table?lang=en,Regional Statistics by NUTS Classification,https://ec.europa.eu/eurostat/,,https://ec.europa.eu/eurostat,Refresh required,,50,"44,054",
Zurich_Population,STATS,auto2w,auto2w,international_stats,2023,2026-02-23,,2026-01-29,https://www.stadt-zuerich.ch/content/dam/web/de/politik-verwaltung/statistik-und-daten/linked-open-data/datacommons/bev_3240_wiki.csv,Zurich population,https://data.stadt-zuerich.ch/,,https://data.stadt-zuerich.ch//,Refresh required,,55,"44,053",
CDC500,STATS,"laelaps, frequent",,us_stats,2022,2025-12-07,,2025-11-20,https://www.cdc.gov/places/index.html,PLACES: Local Data for Better Health,https://www.cdc.gov/places/index.html,,https://www.cdc.gov/,Refresh required,,125,"43,976",
OECDRegionalDemography_Deaths,STATS,"auto1w, laelaps, searchaim",auto1w,international_stats,2023,2026-01-15,,2026-02-01,https://data-explorer.oecd.org/vis?df[ds]=DisseminateFinalDMZ&df[id]=DSD_REG_DEMO%40DF_DEATH_5Y&df[ag]=OECD.CFE.EDS&df[vs]=2.0&dq=A.......&to[TIME_PERIOD]=false&pd=%2C,OECD Regional Demography Statistics Deaths,https://data-explorer.oecd.org/vis?df[ds]=DisseminateFinalDMZ&df[id]=DSD_REG_DEMO%40DF_DEATH_5Y&df[ag]=OECD.CFE.EDS&df[vs]=2.0&dq=A.......&to[TIME_PERIOD]=false&pd=%2C,,https://stats.oecd.org/,Refresh required,,52,"44,014",
CensusACS1YearSurvey,STATS,uscensus,,us_census,2019,2024-10-07,,2022-06-02,https://www.census.gov/programs-surveys/acs/data/data-via-ftp.html,American Community Survey (ACS),https://www.census.gov/programs-surveys/acs,,https://www.census.gov/,Refresh required,,"1,392","43,553",
USDecennialCensus_RedistrictingRelease,STATS,"uscensus, laelaps",,us_census,2020,2023-11-29,,2022-06-02,https://www.census.gov/programs-surveys/decennial-census/about/rdo/summary-files.html,US Decennial Census - Redistricting data,https://www.census.gov,,https://www.census.gov/,Refresh required,,"1,392","43,239",
CensusACS5YearSurvey,STATS,"uscensus, laelaps, searchaim",,us_census,2023,2026-01-23,,2025-01-24,https://www.census.gov/programs-surveys/acs/data/data-via-ftp.html,American Community Survey (ACS),https://www.census.gov/programs-surveys/acs,,https://www.census.gov/,Refresh required,,425,"44,022",40.97%
CensusPEP,STATS,uscensus,,us_census,2019,2025-12-10,,2022-07-08,https://www.census.gov/programs-surveys/popest.html,Population Estimates Program (PEP),https://www.census.gov/programs-surveys/popest/about.html,,https://www.census.gov/,Refresh required,,"1,356","43,982",
USEconomicCensus,STATS,uscensus,,us_census,2017,2025-09-29,,2022-06-02,https://www.census.gov/programs-surveys/economic-census.html,Economic Census,https://www.census.gov/programs-surveys/economic-census/about.html,,https://www.census.gov/,Refresh required,,"1,392","43,912",10569 StatVars
USCensusGeos_SurfaceArea,STATS,uscensus,,us_census,2018,2025-10-09,,,https://www.census.gov/geographies/reference-files.html,Gazetteer Files,https://www.census.gov/geographies/reference-files/time-series/geo/gazetteer-files.html,,https://www.census.gov/,Refresh required,,,"43,921",
EurostatData_GDP,STATS,"searchaim, laelaps, auto1w",auto1w,international_stats,2023,2026-02-10,,2026-02-03,https://ec.europa.eu/eurostat/databrowser/view/nama_10r_3gdp/default/table?lang=en,Regional Statistics by NUTS Classification,https://ec.europa.eu/eurostat/,,https://ec.europa.eu/eurostat,Refresh required,,50,"44,040",
NigeriaStatistics,STATS,country,,international_stats,2024-12,2026-01-20,,2025-03-17,https://nigeria.opendataforafrica.org,Nigeria Statistics,https://nigeria.opendataforafrica.org,,https://dataportal.opendataforafrica.org/,Refresh required,"The latest data source refresh date is  2026-01-20, hence a refresh is required.",373,#VALUE!,
EurostatData_Employment_Per_Sector,STATS,"laelaps, auto1w",auto1w,international_stats,2023,2026-02-11,,2026-02-03,https://ec.europa.eu/eurostat/databrowser/view/nama_10r_3empers/default/table?lang=en,Regional Statistics by NUTS Classification,https://ec.europa.eu/eurostat/,,https://ec.europa.eu/eurostat,Refresh required,,50,"44,041",
CanadaStatistics,STATS,country,,international_stats,2023-04,2026-02-23,,2023-07-19,https://www150.statcan.gc.ca/n1/en/type/data?MM=1,Canada Statistics,https://www150.statcan.gc.ca/n1/en/type/data?MM=1,,https://www.statcan.gc.ca/en/start,Refresh required,,980,#VALUE!,
EPHHeatRelatedIllness,STATS,auto2w,auto2w,us_stats,2023-09,2026-01-20,,2026-02-03,https://ec.europa.eu/eurostat/web/main/data/database,Heat & Heat-related Illness (HRI),https://ephtracking.cdc.gov/qrlist/35,,https://www.cdc.gov/,Refresh required,,50,#VALUE!,
FAO_Currency,STATS,infrequent,,international_stats,2023-03,2026-02-20,,2023-09-04,https://www.fao.org/faostat/en/#data/PE/metadata,FAO Currency and Exchange Rate,https://www.fao.org/faostat/en/#data/PE/metadata,,https://www.fao.org/faostat/,Refresh required,,933,#VALUE!,
WorldDevelopmentIndicators,STATS,"laelaps, searchaim, auto1w",auto1w,international_stats,2024,2026-01-30,,2026-01-27,https://datatopics.worldbank.org/world-development-indicators/,World Development Indicators,https://datacatalog.worldbank.org/search/dataset/003771,,https://www.worldbank.org/en/home,Refresh required,,57,"44,028",
Mongolia_Employment,STATS,"auto2w, country",auto2w,international_stats,2024,2026-02-10,,2026-01-24,https://www.1212.mn/en/statcate,Mongolia Statistics,https://www.1212.mn/en/statcate,,https://www.1212.mn/en/statcate,Refresh required,,60,"44,039",
EurostatData_Education_Enrollment,STATS,"laelaps, auto1w",auto1w,international_stats,2024,2026-02-06,,2026-01-27,https://ec.europa.eu/eurostat/databrowser/view/trng_lfse_04/default/table?lang=en,Regional Statistics by NUTS Classification,https://ec.europa.eu/eurostat/,,https://ec.europa.eu/eurostat,Refresh required,"The latest data source refresh date is  2026-01-06, hence a refresh is required.",57,"44,035",
RandolphGlacierInventory_Area,STATS,infrequent,,international_stats,2017,2022-02-11,,,https://www.glims.org/RGI/rgi60_dl.html,Randolph Glacier Inventory,https://www.glims.org/RGI/rgi60_dl.html,,https://www.glims.org/,Refresh required,,,"42,586",
Mongolia_Education,STATS,"auto2w, country",auto2w,international_stats,2024,2026-01-16,,2025-03-14,https://www.1212.mn/en/statcate,Mongolia Statistics,https://www.1212.mn/en/statcate,,https://www.1212.mn/en/statcate,Refresh required,"https://www.1212.mn/en/statcate/table/Population,%20household/2_Regular%20movement%20of%20population",376,"44,014",
OECDRegionalDemography_Mortality,STATS,"frequent, infrequent, laelaps, searchaim",,international_stats,2022,2026-02-10,,2024-12-03,https://stats.oecd.org/Index.aspx?DataSetCode=REGION_DEMOGR#,OECD Regional Demography Statistics Mortality,https://data-explorer.oecd.org/vis?lc=en&df[ds]=DisseminateFinalDMZ&df[id]=DSD_REG_DEMO%40DF_DEATH_5Y&df[ag]=OECD.CFE.EDS&df[vs]=2.4&dq=A..AUS%2BAU1%2BAU2%2BAU3%2BAU4%2BAU5%2BAU6%2BAU7%2BAU8%2BAUT%2BAT11%2BAT111%2BAT112%2BAT113%2BAT12%2BAT121%2BAT122%2BAT123%2BAT124%2BAT125%2BAT126%2BAT127%2BAT13%2BAT130%2BAT21%2BAT211%2BAT212%2BAT213%2BAT22%2BAT221%2BAT222%2BAT223%2BAT224%2BAT225%2BAT226%2BAT31%2BAT311%2BAT312%2BAT313%2BAT314%2BAT315%2BAT32%2BAT321%2BAT322%2BAT323%2BAT33%2BAT331%2BAT332%2BAT333%2BAT334%2BAT335%2BAT34%2BAT341%2BAT342..._T._T.&lom=LASTNPERIODS&lo=5&to[TIME_PERIOD]=false,,https://stats.oecd.org/,Refresh required,"The latest data source refresh date is  2026-02-10, hence a refresh is required.",477,"44,041",
EurostatData_Education_Attainment,STATS,"laelaps, auto1w",auto1w,international_stats,2024,2026-02-10,,2026-01-27,https://ec.europa.eu/eurostat/databrowser/view/edat_lfse_04/default/table?lang=en,Regional Statistics by NUTS Classification,https://ec.europa.eu/eurostat/,,https://ec.europa.eu/eurostat,Refresh required,,57,"44,039",
OECDRegionalEducation,STATS,auto2w,auto2w,international_stats,2024,2026-02-26,,2026-01-15,https://stats.oecd.org/Index.aspx?DataSetCode=REGION_EDUCAT,OECD Regional Education Statistics,https://data-explorer.oecd.org/vis?df[ds]=DisseminateFinalDMZ&df[id]=DSD_REG_EDU%40DF_ATTAIN&df[ag]=OECD.CFE.EDS,,https://stats.oecd.org/,Refresh required,,69,"44,055",
Eurostat_Early_Education_Training,STATS,infrequent,,international_stats,2021,2026-02-10,,,https://ec.europa.eu/eurostat/databrowser/view/sdg_04_30__custom_7874475/default/table?lang=en,EuroStat Early Education and Training,https://ec.europa.eu/eurostat/web/education-and-training/database,,https://ec.europa.eu/eurostat,Refresh required,https://ec.europa.eu/eurostat/databrowser/view/nama_10r_3popgdp/default/table?lang=en,,"44,042",
EurostatData_Fertility,STATS,"laelaps, auto1w",auto1w,international_stats,2024,2026-02-10,,2026-02-03,https://ec.europa.eu/eurostat/databrowser/view/demo_r_find3/default/table?lang=en,Regional Statistics by NUTS Classification,https://ec.europa.eu/eurostat/,,https://ec.europa.eu/eurostat,Refresh required,,50,"44,039",
EPAAirQualityIndex,STATS,"infrequent, auto2w",auto2w,us_stats,2024-12-31,2026-01-29,,2025-02-05,https://aqs.epa.gov/aqsweb/airdata/download_files.html,Air Data,https://www.epa.gov/outdoor-air-quality-data,,https://www.epa.gov/,Refresh required,,413,394,
USDA_AgricultureSurvey,STATS,auto2w,auto2w,us_stats,2025,2026-02-03,,2025-11-21,https://www.nass.usda.gov/AgCensus/,Agricultural Survey,https://quickstats.nass.usda.gov/,,https://www.usda.gov/,Refresh required,,124,"44,031",
US_CPI,STATS,auto2w,auto2w,us_stats,2025-01,2026-02-13,,2026-01-21,https://www.bls.gov/cpi/,Consumer Price Index,https://www.bls.gov/cpi,,https://www.bls.gov/,Refresh required,,63,#VALUE!,
Brazil_Census,STATS,country,,international_stats,2022,2026-01-13,,2023-05-05,https://www.ibge.gov.br/en/statistics/social/population.html,Brazil Census,https://www.ibge.gov.br/en/statistics/social/population.html,,https://www.ibge.gov.br/en/home-eng.html,Refresh required,,"1,055","44,013",
NOAA_GPCC_StandardardizedPrecipitationIndex,STATS,"auto1w, infrequent",auto1w,international_stats,2025-05,2026-02-10,,2025-07-24,https://www.drought.gov/data-maps-tools/global-precipitation-climatology-centre-gpcc-standardized-precipitation-index-spi,GPCC Monthly SPI Data,https://www.ncei.noaa.gov/pub/data/nidis/gpcc/spi-pearson,,https://www.noaa.gov/,Refresh required,,244,#VALUE!,
SouthAfrica_Census,STATS,country,,international_stats,2018-09,2026-01-20,,2023-07-19,https://southafrica.opendataforafrica.org/,SouthAfrica Census,https://southafrica.opendataforafrica.org/,,https://dataportal.opendataforafrica.org/,Refresh required,https://dataportal.opendataforafrica.org/nbyenxf/afdb-socio-economic-database-1960-2024,980,#VALUE!,
NOAA_GPCC_StandardardizedPrecipitationIndex_Event_Observations,STATS,"auto1w, infrequent",auto1w,international_stats,2025-05,2026-02-10,,,https://www.drought.gov/data-maps-tools/global-precipitation-climatology-centre-gpcc-standardized-precipitation-index-spi,GPCC Monthly SPI Data,https://www.ncei.noaa.gov/pub/data/nidis/gpcc/spi-pearson,,https://www.noaa.gov/,Refresh required,,,#VALUE!,
BLS_CPI_Category,STATS,"searchaim, auto1w",auto1w,us_stats,2025-08,2026-02-02,,2026-01-21,https://www.bls.gov/cpi/,Consumer Price Index by Category,https://www.bls.gov/cpi/tables/supplemental-files/ ,,https://www.bls.gov/,Refresh required,,63,#VALUE!,
Sweden_Census,STATS,country,,international_stats,2022,2025-04-29,,2024-02-22,https://www.statistikdatabasen.scb.se/pxweb/sv/ssd/,Sweden Census,https://www.statistikdatabasen.scb.se/pxweb/sv/ssd/,,https://www.scb.se/en/,Refresh required,,762,"43,754",
WikidataPopulation,STATS,"infrequent, laelaps",,international_stats,3120,2023-01-22,,2025-06-30,https://www.wikidata.org/wiki/Wikidata:Main_Page,Wikidata,https://www.wikidata.org/wiki/Wikidata:Main_Page,,https://wikimediafoundation.org/,Refresh required,,268,"41,828",
Singapore_Census,STATS,"auto2w, country",auto2w,international_stats,2025-09,2026-03-21,,2026-01-28,https://www.singstat.gov.sg/,Singapore Census,https://tablebuilder.singstat.gov.sg/statistical-tables/downloadMultiple/zX5lZdqFrk-29wjZN4FFXw,,https://www.singstat.gov.sg/,Refresh required,The Website have a projected last referesh date ,56,#VALUE!,
BLS_JOLTS,STATS,"infrequent, auto1w, laelaps",auto1w,us_stats,2025-10,2026-02-05,,2026-01-30,https://www.bls.gov/jlt/,Job Openings and Labor Turnover Survey,https://www.bls.gov/jlt/,,https://www.bls.gov/,Refresh required,,54,#VALUE!,
WHO_COVID19,STATS,"dcbranch, frequent",dcbranch,international_stats,2025-11-23,2026-02-01,,2026-01-01,https://data.who.int/dashboards/covid19/data?n=c,Coronavirus Disease (COVID-19) Dashboard,https://data.who.int/dashboards/covid19/,,https://www.who.int/,Refresh required,https://www.who.int/emergencies/diseases/novel-coronavirus-2019,83,70,
BLS_CES_State,STATS,"infrequent, searchaim, auto1w",auto1w,us_stats,2025-12,2025-03-17,,2026-01-28,https://www.bls.gov/sae/overview.htm,Current Employment Statistics (CES),https://www.bls.gov/ces,,https://www.bls.gov/,Refresh required,,56,#VALUE!,
Srilanka_Census,STATS,country,,international_stats,2022,2026-02-24,,2023-12-19,https://data.humdata.org/,Sri Lanka Census,https://data.humdata.org/group/lka,,https://www.unocha.org/,Refresh required,,827,"44,055",
Rwanda_Census,STATS,country,,international_stats,2022-12,2026-01-20,,2025-03-11,https://rwanda.opendataforafrica.org/,Rwanda Census,https://rwanda.opendataforafrica.org/,,https://dataportal.opendataforafrica.org/,Refresh required,,379,#VALUE!,
BLS_CES,STATS,"infrequent, searchaim, auto1w",auto1w,us_stats,2025-12,2026-02-11,,2026-02-02,https://www.bls.gov/ces/,Current Employment Statistics (CES),https://www.bls.gov/ces,,https://www.bls.gov/,Refresh required,Got the date from this page: https://www.bls.gov/news.release/empsit.nr0.htm ,51,#VALUE!,
WorldBank_CommodityMarket,STATS,"frequent, searchaim, auto1w",auto1w,international_stats,2025-12,2026-02-03,,2026-01-15,https://www.worldbank.org/en/research/commodity-markets,World Bank Commodity Markets,https://data.worldbank.org,,https://www.worldbank.org/en/home,Refresh required,No last observation date,69,#VALUE!,
BIS_CentralBankPolicyRate,STATS,"auto2w, searchaim",auto2w,international_stats,2026-02-03,2026-02-26,,2026-02-07,https://data.bis.org/topics/CBPOL/data,Central Bank Policy Rate,https://data.bis.org/topics/CBPOL,,https://data.bis.org/,Refresh required,,46,23,
USFed_ConstantMaturityRates,STATS,"infrequent, auto1d",auto1d,us_stats,2026-02-06,2026-02-23,,2026-02-10,https://www.federalreserve.gov/releases/h15/,Treasury Nominal and Inflation-Indexed Constant Maturity Series,https://www.federalreserve.gov/releases/h15/default.htm,,https://www.federalreserve.gov/,Refresh required,,43,17,
Copernicus_GlobalLandCoverLayers,STATS,infrequent,,international_stats,2019,2023-03-23,,2022-06-02,https://land.copernicus.eu/global/lcviewer,Copernicus Global Land Cover,https://lcviewer.vito.be/2015,,https://www.copernicus.eu/en,Refresh required, Use VPN to Accesshttps://www.copernicus.eu/en/news/news/observer-small-size-big-impact-mapping-small-woody-landscape-features-across-europe,"1,392","42,989",
NASA_NEXDCP30,STATS,ipcc,,ipcc,2099-12,2013-09-10,,2022-08-07,https://www.nccs.nasa.gov/services/data-collections/land-based-products/nex-dcp30,NEX - Downscaled Climate Projections for US from IPCC CMIP5,https://www.nccs.nasa.gov/services/data-collections/land-based-products/nex-dcp30,,https://www.nasa.gov/,Up to Date,,"1,326",#VALUE!,
Covid19IndiaData,STATS,"dcbranch, frequent",dcbranch,india_stats,2022-10-21,2020-03-12,,2023-04-12,http://projects.datameet.org/covid19/ ,COVID-19,http://projects.datameet.org/covid19/ ,,https://datameet.org/,Up to Date,,"1,078",-953,
Google_COVID19Mobility,STATS,auto1w,auto1w,us_stats,2022-10-15,2022-10-15,,2026-01-10,https://www.google.com/covid19/mobility/,COVID-19 Community Mobility Reports,https://www.google.com/covid19/mobility/ ,,https://www.google.com/,Up to Date,,74,0,
CDC_PM25County,STATS,"infrequent, auto1w",auto1w,us_stats,2019-12-31,2023-09-19,,2026-01-04,https://data.cdc.gov/Environmental-Health-Toxicology/Daily-County-Level-PM2-5-Concentrations-2001-2019/dqwm-pbi7/about_data,Environmental Health Toxicology,https://data.cdc.gov/browse?category=Environmental+Health+%26+Toxicology%22,,https://www.cdc.gov/,Up to Date,,80,"1,358",
CDC_StandardizedPrecipitationEvapotranspirationIndex,STATS,auto2w,auto2w,us_stats,2016-12,2018-12-27,,2026-02-01,https://data.cdc.gov/Environmental-Health-Toxicology/Standardized-Precipitation-Evapotranspiration-Inde/6nbv-ifib,Environmental Health Toxicology,https://data.cdc.gov/browse?category=Environmental+Health+%26+Toxicology%22,,https://www.cdc.gov/,Up to Date,,52,#VALUE!,
EPA_USAirPollutantEmissionTrends_NationalAndState,STATS,"infrequent, auto2w",auto2w,us_stats,2024,2025-04-28,,2026-01-15,https://www.epa.gov/air-emissions-inventories/air-pollutant-emissions-trends-data,National Emissions Inventory,https://www.epa.gov/air-emissions-inventories/national-emissions-inventory-nei,,https://www.epa.gov/,Up to Date,,69,"43,751",
CDC_NORS_NonInfectious,STATS,"frequent, auto2w",auto2w,us_stats,2023-12,2025-07-16,,2026-01-15,https://wwwn.cdc.gov/norsdashboard/,National Outbreak Reporting System (NORS),https://wwwn.cdc.gov/norsdashboard/,,https://www.cdc.gov/,Up to Date,,69,#VALUE!,
USFEMA_FloodInsuranceClaims,STATS,infrequent,,us_stats,2025-06,2020-03-05,,2025-12-31,https://www.fema.gov/openfema-data-page/fima-nfip-redacted-claims-v2,National Flood Insurance Program (NFIP),https://www.fema.gov/flood-insurance,,https://www.fema.gov/,Up to Date,,84,#VALUE!,
BLS_QCEW,STATS,"infrequent, laelaps",,us_stats,2025-03,2025-12-19,,2025-11-10,https://www.bls.gov/qcew/,Quarterly Census of Employment and Wages (QCEW),https://www.bls.gov/cew,,https://www.bls.gov/,Up to Date,,135,#VALUE!,
USA_DOL_Wages,STATS,"laelaps, auto2w",auto2w,us_stats,2024,2025-01,,2026-02-06,https://www.dol.gov/general/topic/wages,USA Minimum Wages,https://www.dol.gov/agencies/whd/state/minimum-wage/history,,https://www.dol.gov/,Up to Date,,47,"43,634",
BEAGDPv2,STATS,"frequent, auto2w",auto2w,us_stats,2023,2025-03-11,,2026-02-03,https://www.bea.gov/,"GDP by County, Metro, and Other Areas",https://apps.bea.gov/regional,,https://www.bea.gov/,Up to Date,Got the date from this page: https://www.bea.gov/data/employment/employment-county-metro-and-other-areas ,50,"43,704",
EPA_AirPollutantEmission_Level1,STATS,auto2w,auto2w,us_stats,2020,2025-04-16,,2025-10-01,https://www.epa.gov/air-emissions-inventories/national-emissions-inventory-nei,National Emissions Inventory,https://www.epa.gov/air-emissions-inventories/national-emissions-inventory-nei,,https://www.epa.gov/,Up to Date,,175,"43,743",
CDC_StandardizedPrecipitationIndex,STATS,auto2w,auto2w,us_stats,2016-12,2018-06-05,,2026-01-15,https://data.cdc.gov/Environmental-Health-Toxicology/Standardized-Precipitation-Index-1895-2016/xbk2-5i4e,Environmental Health Toxicology,https://data.cdc.gov/browse?category=Environmental+Health+%26+Toxicology%22,,https://www.cdc.gov/,Up to Date,,69,#VALUE!,
BEA_USStatesQuarterlyGDP,STATS,"infrequent, searchaim, auto2w",auto2w,us_stats,2025-09,2026-02-20,,2026-01-30,https://www.bea.gov/data/gdp/gdp-state,Gross Domestic Product,https://www.bea.gov/data/gdp,,https://www.bea.gov/,Up to Date,,54,#VALUE!,
BLS_CPI,STATS,"auto2w, searchaim",auto2w,us_stats,2025-12,2024-09-09,,2026-02-02,https://www.bls.gov/cpi/,Consumer Price Index,https://www.bls.gov/cpi,,https://www.bls.gov/,Up to Date,,51,#VALUE!,
CDC_PalmerDroughtSeverityIndex,STATS,auto2w,auto2w,us_stats,2016-12,2018-06-05,,2026-02-01,https://data.cdc.gov/Environmental-Health-Toxicology/Palmer-Drought-Severity-Index-1895-2016/en5r-5ds4,Environmental Health Toxicology,https://data.cdc.gov/browse?category=Environmental+Health+%26+Toxicology%22,,https://www.cdc.gov/,Up to Date,,52,#VALUE!,
NCHS_BRFSS_Asthma,STATS,infrequent,,us_stats,2021,2023-03-23,,2026-02-03,https://www.cdc.gov/asthma/brfss/default.htm,BRFSS-NCHS Asthma Prevalence,https://app.powerbigov.us/view?r=eyJrIjoiZmZmOWU2N2ItYzllZi00N2I4LWE1NGItYWMxNmU3MTJmYmY4IiwidCI6IjljZTcwODY5LTYwZGItNDRmZC1hYmU4LWQyNzY3MDc3ZmM4ZiJ9,,https://www.cdc.gov/,Up to Date,,50,"42,987",
EPA_GHGRP_ParentCompanies,STATS,infrequent,,us_stats,2019,2025-07-30,,2022-06-02,https://www.epa.gov/ghgreporting,Greenhouse Gas Reporting Program,https://www.epa.gov/enviro/greenhouse-gas-overview,,https://www.epa.gov/,Up to Date,,"1,392","43,849",
CDC_Social_Vulnerability_Index,STATS,auto2w,auto2w,us_stats,2022,2024-11-12,,2026-02-09,https://www.atsdr.cdc.gov/place-health/php/svi/svi-data-documentation-download.html?CDC_AAref_Val=https://www.atsdr.cdc.gov/placeandhealth/svi/data_documentation_download.html,Agency for Toxic Substances and Disease Registry (ATSDR),https://www.atsdr.cdc.gov/,,https://www.cdc.gov/,Up to Date,,44,"43,586",
USCensusPEP_By_Sex_Race,STATS,"auto1w, laelaps",auto1w,us_census,2024,2025-12-10,,2026-02-02,https://www.census.gov/programs-surveys/popest.html,Population Estimates Program (PEP),https://www.census.gov/programs-surveys/popest/about.html,,https://www.census.gov/,Up to Date,,51,"43,977",
CensusCountyBusinessPatterns,STATS,uscensus,,us_census,2023,2025-12-22,,,https://www.census.gov/programs-surveys/cbp.html,County Business Patterns,https://www.census.gov/programs-surveys/cbp/data/datasets.html,,https://www.census.gov/,Up to Date,,,"43,990",
USCensusPEP_AgeSexRaceHispanicOrigin,STATS,auto2w,auto2w,us_census,2024,2025-12-10,,2026-02-02,https://www2.census.gov/programs-surveys/popest/tables,Population Estimates Program (PEP),https://www.census.gov/programs-surveys/popest/about.html,,https://www.census.gov/,Up to Date,,51,"43,977",
CensusSAHIE,STATS,auto2w,auto2w,us_census,2023,2025-11-25,,2025-12-15,https://www.census.gov/programs-surveys/sahie.html,Small Area Health Insurance Estimates (SAHIE),https://www.census.gov/data/datasets/time-series/demo/sahie/estimates-acs.html,,https://www.census.gov/,Up to Date,,100,"43,963",
USCensusPEP_MonthlyPopulation,STATS,"laelaps, auto1w",auto1w,us_census,2026-12,2025-12-10,,2026-01-31,https://www.census.gov/programs-surveys/popest.html,Population Estimates Program (PEP),https://www.census.gov/programs-surveys/popest/about.html,,https://www.census.gov/,Up to Date,,53,#VALUE!,
USCensusPEP_PopulationEstimatebyRace,STATS,"auto1w, laelaps",auto1w,us_census,2024,2025-12-10,,2026-02-02,https://www.census.gov/programs-surveys/popest.html,Population Estimates Program (PEP),https://www.census.gov/programs-surveys/popest/about.html,,https://www.census.gov/,Up to Date,,51,"43,977",
USBTS_Tract_Household_Transportation,STATS,auto2w,auto2w,us_census,2017,2024-11-22,,2025-12-30,https://www.bts.dot.gov/latch/latch-data,US Tract Transportation Characteristics for Households,https://www.bts.dot.gov/latch/latch-data,,https://www.bts.dot.gov/,Up to Date,,85,"43,601",
USCensusPEP_AgeSexRace,STATS,"uscensus, auto1w, laelaps",auto1w,us_census,2024,2025-12-10,,2026-02-02,https://www2.census.gov/programs-surveys/popest/tables,Population Estimates Program (PEP),https://www.census.gov/programs-surveys/popest/about.html,,https://www.census.gov/,Up to Date,Page revised date is the only one available ,51,"43,977",
USCensusPEP_By_SexRaceHispanicOrigin,STATS,"auto1w, laelaps",auto1w,us_census,2024,2025-12-10,,2026-02-02,https://www.census.gov/programs-surveys/popest.html,Population Estimates Program (PEP),https://www.census.gov/programs-surveys/popest/about.html,,https://www.census.gov/,Up to Date,Main data sources latest observation data is 2026-02-23,51,"43,977",
USCensusPEP_Sex,STATS,"laelaps, searchaim, auto1w",auto1w,us_census,2024,2025-12-10,,2026-02-02,https://www.census.gov/programs-surveys/popest.html,Population Estimates Program (PEP),https://www.census.gov/programs-surveys/popest/about.html,,https://www.census.gov/,Up to Date,,51,"43,977",
USCensusPEP_Annual_Population,STATS,"laelaps, searchaim, auto1w",auto1w,us_census,2025,2025-12-10,,2026-02-03,https://www.census.gov/programs-surveys/popest.html,Population Estimates Program (PEP),https://www.census.gov/programs-surveys/popest/about.html,,https://www.census.gov/,Up to Date,,50,"43,976",
Egypt_Census,STATS,country,,international_stats,2018,2018-11-16,,2025-03-15,https://egypt.opendataforafrica.org,Egypt Census,https://egypt.opendataforafrica.org,,https://egypt.opendataforafrica.org,Up to Date,,375,"41,402",
Zurich_Population_Number_Of_Birth_By_Origin,STATS,auto2w,auto2w,international_stats,2023,2025-12-16,,2026-01-29,https://www.stadt-zuerich.ch/content/dam/web/de/politik-verwaltung/statistik-und-daten/linked-open-data/datacommons/bev_4031_hel_wiki.csv,Zurich population,https://data.stadt-zuerich.ch/,,https://data.stadt-zuerich.ch//,Up to Date,Got the data from: https://data.stadt-zuerich.ch/dataset/prd_stez_bevoelkerungsbefragungen_seit1999_od4731 ,55,"43,984",
EurostatData_Demographic_Balance_Crude_Rates,STATS,"laelaps, searchaim, auto1w",auto1w,international_stats,2024,2026-02-10,,2026-02-03,https://ec.europa.eu/eurostat/databrowser/view/demo_r_gind3/default/table?lang=en,Regional Statistics by NUTS Classification,https://ec.europa.eu/eurostat/,,https://ec.europa.eu/eurostat,Up to Date,,50,"44,039",
Zurich_Population_Number_Of_Birth_By_Sex,STATS,auto2w,auto2w,international_stats,2023,2025-12-16,,2026-01-29,https://www.stadt-zuerich.ch/content/dam/web/de/politik-verwaltung/statistik-und-daten/linked-open-data/datacommons/bev_4031_sex_wiki.csv,Zurich population,https://data.stadt-zuerich.ch/,,https://data.stadt-zuerich.ch//,Up to Date,Got the data from: https://data.stadt-zuerich.ch/dataset/prd_stez_bevoelkerungsbefragungen_seit1999_od4731 ,55,"43,984",
OECD_Waste_Water_Treatment,STATS,auto2w,auto2w,international_stats,2023,2025-09-03,,2026-02-01,https://www.oecd.org/,OECD Waste Water Treatment,https://stats.oecd.org/viewhtml.aspx?datasetcode=WATER_TREAT&lang=en,,https://stats.oecd.org/,Up to Date,,52,"43,880",
Zurich_Population_By_Origin,STATS,auto2w,auto2w,international_stats,2023,2025-12-16,,2026-01-29,https://www.stadt-zuerich.ch/content/dam/web/de/politik-verwaltung/statistik-und-daten/linked-open-data/datacommons/bev_3903_hel_wiki.csv,Zurich population,https://data.stadt-zuerich.ch/,,https://data.stadt-zuerich.ch//,Up to Date,Got the data from: https://data.stadt-zuerich.ch/dataset/prd_stez_bevoelkerungsbefragungen_seit1999_od4731 ,55,"43,984",
Zurich_Population_Number_Of_Birth,STATS,auto2w,auto2w,international_stats,2023,2025-12-16,,2026-01-29,https://www.stadt-zuerich.ch/content/dam/web/de/politik-verwaltung/statistik-und-daten/linked-open-data/datacommons/bev_4031_wiki.csv,Zurich population,https://data.stadt-zuerich.ch/,,https://data.stadt-zuerich.ch//,Up to Date,,55,"43,984",
EuroStatHealth_PhysicalActivity,STATS,auto1w,auto1w,international_stats,2019,2025-07-05,,2026-02-02,https://ec.europa.eu/eurostat/web/health/database,EuroStat Health,https://ec.europa.eu/eurostat/web/health/data/database,,https://ec.europa.eu/eurostat,Up to Date,,51,"43,824",
EuroStatHealth_SocialEnvironment,STATS,auto1w,auto1w,international_stats,2019,2025-07-05,,2026-01-02,https://ec.europa.eu/eurostat/web/main/data/database,EuroStat Health,https://ec.europa.eu/eurostat/web/health/data/database,,https://ec.europa.eu/eurostat,Up to Date,,82,"43,824",
EurostatData_PopulationDensity,STATS,"laelaps, auto1w",auto1w,international_stats,2023,2025-04-03,,2026-02-03,https://ec.europa.eu/eurostat/databrowser/view/demo_r_d3dens/default/table?lang=en,Regional Statistics by NUTS Classification,https://ec.europa.eu/eurostat/,,https://ec.europa.eu/eurostat,Up to Date,,50,"43,727",
MexicoCensus_AA2,STATS,"country, auto2w",auto2w,international_stats,2024,2024-12-20,,2026-02-04,https://data.humdata.org/dataset/cod-ps-mex,Mexico Subnational Population Statistics,https://data.humdata.org/dataset/cod-ps-mex,,https://www.unocha.org/,Up to Date,,49,"43,622",
UNData,STATS,"auto2w, infrequent, laelaps, searchaim",auto2w,international_stats,2025,2026-02-10,,2026-02-04,https://data.un.org/Data.aspx?q=city+population&d=POP&f=tableCode%3a240,UNData,http://data.un.org/,,https://www.un.org/en/,Up to Date,,49,"44,038",
Zurich_Population_By_Age,STATS,auto2w,auto2w,international_stats,2023,2026-02-24,,2026-01-29,https://www.stadt-zuerich.ch/content/dam/web/de/politik-verwaltung/statistik-und-daten/linked-open-data/datacommons/bev_3903_age10_wiki.csv,Zurich population,https://data.stadt-zuerich.ch/,,https://data.stadt-zuerich.ch//,Up to Date,,55,"44,054",
FAO_Currency_statvar,STATS,"frequent, auto2w",auto2w,international_stats,2024-12,2025-10-13,,2026-02-05,https://www.fao.org/faostat/en/#data/PE/metadata,FAO Currency and Exchange Rate,https://www.fao.org/faostat/en/#data/PE/metadata,,https://www.fao.org/faostat/,Up to Date,,48,#VALUE!,
Mongolia_Demographics,STATS,"auto2w, country",auto2w,international_stats,2024,2025-09-16,,2025-11-08,https://www.1212.mn/en/statcate,Mongolia Statistics,https://www.1212.mn/en/statcate,,https://www.1212.mn/en/statcate,Up to Date,"Use VPN to Access https://www.1212.mn/en/statcate/table/Population,%20household/4_Population%20projection",137,"43,892",
FARS_CrashNodes,ENTITY,"infrequent, frequent",,us_stats,,2026-03-02,,,https://www.nhtsa.gov/file-downloads?p=nhtsa/downloads/FARS/,Fatality Analysis Reporting System (FARS) Crash Data,https://www.nhtsa.gov/crash-data-systems/fatality-analysis-reporting-system,,https://www.nhtsa.gov/,,No Date provided to compare with,,,
FireFAMWEB,ENTITY,disaster,,us_stats,,N/A,,,https://fam.nwcg.gov/fam-web/,National Interagency Fire Center Interagency Situation Report - 209 (SIT-209),https://famit.nwcg.gov/,,https://www.nwcg.gov/,,Link provided is not accessible with/without VPN,,,
WeatherNOAA,ENTITY,infrequent,,us_stats,,2026-02-11,,,https://www.noaa.gov/weather,,,,,,No Date provided to compare with,,,
DEA_DrugCodes,ENTITY,infrequent,,us_stats,,2022-03-01,,,https://www.deadiversion.usdoj.gov/21cfr/cfr/2108cfrt.htm,,https://www.deadiversion.usdoj.gov/GDP/(DEA-DC-054)(EO-DEA168)_Chemical_Handler's_Manual_Final_(OMB_Approved).pdf#search=DEA_Drug%20Codes,,,,No Date provided to compare with,,,
Company_FIGI,ENTITY,country,,us_stats,,N/A,,,https://www.openfigi.com/,FIGI,https://www.openfigi.com/,,https://www.openfigi.com/,,No Observation Date,,,
CycloneNOAA_Paths,ENTITY,auto1d,auto1d,international_stats,,2025-04,,,https://www.ncei.noaa.gov/products/international-best-track-archive,International Best Track Archive for Climate Stewardship (IBTrACS),https://www.ncdc.noaa.gov/ibtracs/index.php?name=ib-v4-access,,https://www.noaa.gov/,,"No Date provided to compare with
https://www.ncei.noaa.gov/sites/default/files/2025-04/IBTrACS_version4r01_Technical_Details.pdf ",,,
DynamicWorld_FloodEvents_AutoRefresh,ENTITY,"frequent, auto2w",auto2w,international_stats,,N/A,,2026-01-09,https://developers.google.com/earth-engine/datasets/catalog/GOOGLE_DYNAMICWORLD_V1,Inferred Floods from Dynamic World,https://developers.google.com/earth-engine/datasets/catalog/GOOGLE_DYNAMICWORLD_V1,,https://developers.google.com/earth-engine/datasets/catalog/GOOGLE_DYNAMICWORLD_V1,,No Observation Date,75,,
TemperatureEvents,ENTITY,disaster,,international_stats,,N/A,,,https://datacommons.org/,Temperature Event,https://datacommons.org/,,https://datacommons.org/,,No Observation Date,,,
CycloneNOAA_Entities,ENTITY,auto1d,auto1d,international_stats,,2025-04,,,https://www.ncei.noaa.gov/products/international-best-track-archive,International Best Track Archive for Climate Stewardship (IBTrACS),https://www.ncdc.noaa.gov/ibtracs/index.php?name=ib-v4-access,,https://www.noaa.gov/,,"No Date provided to compare with
https://www.ncei.noaa.gov/sites/default/files/2025-04/IBTrACS_version4r01_Technical_Details.pdf ",,,
Google_SustainabilityFinancialIncentives,ENTITY,"country, frequent",,international_stats,,N/A,,,https://www.google.com,Sustainability Energy and Transport Financial Incentives,https://www.google.com/,,https://www.google.com/,,,,,
WetBulbTemperatureEvents_AutoRefresh,ENTITY,auto1w,auto1w,international_stats,,N/A,,,https://datacommons.org/,WetBulb Temperature Event,https://datacommons.org/,,https://datacommons.org/,,No Observation Date,,,
NOAA_GPCC_StandardardizedPrecipitationIndex_Event,ENTITY,"auto1w, infrequent",auto1w,international_stats,,2026-10-02,,,https://www.drought.gov/data-maps-tools/global-precipitation-climatology-centre-gpcc-standardized-precipitation-index-spi,GPCC Monthly SPI Data,https://www.ncei.noaa.gov/pub/data/nidis/gpcc/spi-pearson,,https://www.noaa.gov/,,No Date provided to compare with,,,
NASA_VIIRSActiveFiresEvents,ENTITY,auto1w,auto1w,international_stats,,2026-02-17,,,https://www.earthdata.nasa.gov/learn/find-data/near-real-time/firms/vnp14imgtdlnrt,VIIRS Active Fire Data,https://www.earthdata.nasa.gov/learn/find-data/near-real-time/firms/vnp14imgtdlnrt,,https://www.nasa.gov/,,"No Date provided to compare with 
 https://data.nasa.gov/dataset/viirs-s-npp-i-band-375-m-active-fire-product-nrt-vector-data-ddc3b?",,,
NASA_NEXGDDP_CMIP6_Subnational_Prediction_Diffs,STATS,ipcc,,ipcc,2049,2025-05-31,,,https://www.nccs.nasa.gov/services/data-collections/land-based-products/nex-gddp-cmip6,NEX - Global Downscaled Climate Projections from IPCC CMIP6,https://www.nccs.nasa.gov/services/data-collections/land-based-products/nex-gddp-cmip6,,https://www.nasa.gov/,,No Date provided to compare with,,"43,759",
NASA_SeaLevelProjections_CMIP6,STATS,ipcc,,ipcc,2300,2021-08-09,,,https://podaac.jpl.nasa.gov/announcements/2021-08-09-Sea-level-projections-from-the-IPCC-6th-Assessment-Report,PO.DAAC - Sea level Projections from IPCC CMIP6,https://podaac.jpl.nasa.gov/announcements/2021-08-09-Sea-level-projections-from-the-IPCC-6th-Assessment-Report,,https://www.nasa.gov/,,No Date provided to compare with,,"42,117",
NASA_NEXGDDP_IpccPlaces50,STATS,ipcc,,ipcc,2100-12,N/A,,2022-08-07,https://www.nccs.nasa.gov/services/data-collections/land-based-products/nex-gddp ,NEX - Global Downscaled Climate Projections from IPCC CMIP5,https://www.nccs.nasa.gov/services/data-collections/land-based-products/nex-gddp ,,https://www.nasa.gov/,,No date provided,"1,326",#VALUE!,
IndiaPoverty,STATS,"infrequent, country",,india_stats,2021,N/A,,2023-08-27,https://socialjustice.gov.in/common/76672,India Poverty Status,https://www.niti.gov.in/sites/default/files/2021-11/National_MPI_India-11242021.pdf ,,https://niti.gov.in/,,,941,#VALUE!,
IndiaWRISWaterQuality,STATS,infrequent,,india_stats,2023-04,N/A,,,https://indiawris.gov.in/wris,India Water Quality,https://indiawris.gov.in/wiki/doku.php?id=water_quality_data_and_parameters ,,https://indiawris.gov.in/wris/#/,,No last refreshed date,,#VALUE!,
India_RBIStateDomesticProduct,STATS,"frequent, auto2w",auto2w,india_stats,2024-03,N/A,,2026-01-20,https://rbi.org.in/ ,Database on Indian Economy,https://dbie.rbi.org.in/DBIE/dbie.rbi?site=statistics ,,https://rbi.org.in/,,Link not accessible,64,#VALUE!,
India_RBI_State_Statistics,STATS,auto2w,auto2w,india_stats,2024-03,N/A,,2026-01-26,https://rbi.org.in/,Database on Indian Economy,https://dbie.rbi.org.in/DBIE/dbie.rbi?site=statistics,,https://rbi.org.in/,,Link not accessible,58,#VALUE!,
IndiaNHM,STATS,infrequent,,india_stats,2020-03,N/A,,2023-10-31,https://hmis.nhp.gov.in/,Health Management Information System,https://hmis.nhp.gov.in/ ,,https://nhm.gov.in/,,Link not accessible,876,#VALUE!,
IndiaPLFS_DailyWages,STATS,infrequent,,india_stats,2021-04,2025-08-25,,,https://mospi.gov.in/web/plfs,Periodic Labour Force Survey,https://mospi.gov.in/web/plfs ,,https://mospi.gov.in/,,No date provided for comparison,,#VALUE!,
IndiaNSS_HealthAilments,STATS,auto2w,,india_stats,2018,03/02/2026,,,https://ndap.niti.gov.in/dataset/7300 ,India National Sample Survey - Health,https://mospi.gov.in/documents/213904/301563//NSS%20Report%20no.%20586%20Health%20in%20India1606229312083.pdf/d3724e8b-5970-0559-9ed9-12378a6cc7b3 ,,https://mospi.gov.in/web/nss,,No date provided for comparison,,"44,065",
India_LifeExpectancy,STATS,"country, auto2w",auto2w,india_stats,2020,N/A,,2026-02-01,https://ndap.niti.gov.in/dataset/7375 ,India Life Expectancy by State,https://ndap.niti.gov.in/ ,,https://niti.gov.in/,,Link not accessible,52,#VALUE!,
India_GeoSadak,STATS,infrequent,,india_stats,2022,N/A,,2023-08-22,https://geosadak-pmgsy.nic.in/ ,India GeoSadak,https://geosadak-pmgsy.nic.in/OpenData ,,https://geosadak-pmgsy.nic.in/,,Link not accessible,946,#VALUE!,
WRIS_India_Rainfall,STATS,infrequent,,india_stats,2022-07,N/A,,,https://indiawris.gov.in/wris/#/DataDownload,WRIS India Rainfall,https://indiawris.gov.in/wris/#/DataDownload ,,https://indiawris.gov.in/wris/#/ ,,Link not accessible,,#VALUE!,
EIA_SEDS,STATS,"auto2w, infrequent",auto2w,us_stats,2024,N/A,,2026-01-20,https://www.eia.gov/opendata/qb.php?category=40203,Open Data,https://www.eia.gov/opendata/qb.php ,,https://www.eia.gov/,,No last observation,64,#VALUE!,
BLS_CPS,STATS,"dcbranch, searchbranch, frequent, laelaps, searchaim",searchbranch,us_stats,2025-12,N/A,,,https://www.bls.gov/cps/,Labor Force Statistics from the Current Population Survey (CPS),https://www.bls.gov/cps,,https://www.bls.gov/,,No last observation date,,#VALUE!,
NCES_STEM_Degrees_Import,STATS,"frequent, auto2w",auto2w,us_stats,2022,N/A,,2026-02-04,https://nces.ed.gov/programs/digest/d22/tables/dt22_318.45.asp,US STEM Degrees Data,https://nces.ed.gov/programs/digest/d22/tables/dt22_318.45.asp,,https://nces.ed.gov/,,No last observation date,49,#VALUE!,
NCES_NationsReportCard,STATS,infrequent,,us_stats,2022,2026-02-09,,,https://nces.ed.gov/nationsreportcard/,Nations Report Card,https://www.nationsreportcard.gov/ndecore,,https://nces.ed.gov/,,,,"44,040",
NCES_PublicSchoolStats,STATS,auto2w,auto2w,us_stats,2024,N/A,,,https://nces.ed.gov/ccd/elsi/tableGenerator.aspx,Public School and School District Data,https://nces.ed.gov/ccd/elsi/,,https://nces.ed.gov/,,No last observation date,,#VALUE!,
NCES_HBCU_Enrollment_Import,STATS,"frequent, auto2w",auto2w,us_stats,2022,N/A,,2026-02-06,https://nces.ed.gov/programs/digest/d22/tables/dt22_313.30.asp,US HBCU Data,https://nces.ed.gov/programs/digest/d22/tables/dt22_313.30.asp,,https://nces.ed.gov/,,No last observation date,47,#VALUE!,
NCES_Bachelors_Degree_By_Field_Import,STATS,"frequent, auto2w",auto2w,us_stats,2022,N/A,,2026-02-05,https://nces.ed.gov,US Bachelor's Degrees Data,https://nces.ed.gov/programs/digest/d22/tables/dt22_322.50.asp,,https://nces.ed.gov/,,No last observation date,48,#VALUE!,
EIA_NuclearOutages,STATS,"auto2w, infrequent",auto2w,us_stats,2025-10-17,N/A,,2026-01-20,https://www.eia.gov/opendata/qb.php?category=2889994,Open Data,https://www.eia.gov/opendata/qb.php,,https://www.eia.gov/,,No last observation date,64,#VALUE!,
EIA_Coal,STATS,"auto2w, infrequent",auto2w,us_stats,2025-06,N/A,,2026-02-05,https://www.eia.gov/opendata/qb.php?category=717234,Open Data,https://www.eia.gov/opendata/qb.php,,https://www.eia.gov/,,No last observation date,48,#VALUE!,
EIA_International,STATS,"auto2w, infrequent",auto2w,us_stats,2025-04,N/A,,2025-07-30,https://www.eia.gov/opendata/qb.php?category=2134384,Open Data,https://www.eia.gov/opendata/qb.php,,https://www.eia.gov/,,No last observation date,238,#VALUE!,
EPA_GHGRP_ParentCompanies_Ownership,STATS,infrequent,,us_stats,2020,2025-06-30,,,https://www.epa.gov/ghgreporting,Greenhouse Gas Reporting Program,https://www.epa.gov/enviro/greenhouse-gas-overview,,https://www.epa.gov/,,,,"43,818",
NCSES_Demographics_SEH_Import,STATS,auto2w,auto2w,us_stats,2023,N/A,,2026-01-28,https://ncses.nsf.gov/pubs/nsf25316,National Center for Science and Engineering Statistics,https://ncses.nsf.gov/,,https://www.nsf.gov/,,No last observation date,56,#VALUE!,
FeedingAmerica_FoodInsecurity,STATS,infrequent,,us_stats,2021,N/A,,,https://www.feedingamerica.org/hunger-in-america,Feeding America: Map Meal Gap,https://map.feedingamerica.org,,https://www.feedingamerica.org/,,No last observation date,,#VALUE!,
CDC_Mortality_UnderlyingCause,STATS,infrequent,,us_stats,2020,N/A,,2023-10-05,https://wonder.cdc.gov/ucd-icd10.html,"Wonder: Mortality, Underlying Cause Of Death",https://wonder.cdc.gov/ucd-icd10.html,,https://www.cdc.gov/,,No last observation date,902,#VALUE!,
HUD_IncomeLimits,STATS,"laelaps, auto1w",auto1w,us_stats,2025,N/A,,2026-02-01,https://www.huduser.gov/portal/datasets/il.html,Income Limits,https://www.huduser.gov/portal/datasets/il.html,,https://www.hud.gov/,,No last observation date,52,#VALUE!,
NYT_COVID19,STATS,"dcbranch, frequent",dcbranch,us_stats,2023-03-23,N/A,,2024-12-17,https://www.nytimes.com/article/coronavirus-county-data-us.html,Coronavirus (Covid-19) Data in the United States,https://github.com/nytimes/covid-19-data/,,https://www.nytimes.com/,,No last observation date,463,#VALUE!,
CDCWonder_NNDSS_InfectiousWeekly,STATS,"infrequent, frequent",,us_stats,2024-11-24,N/A,,2024-11-24,https://wonder.cdc.gov/nndss/nndss_weekly_tables_menu.asp,National Notifiable Diseases Surveillance System (NNDSS),https://www.cdc.gov/nndss/data-statistics/index.html,,https://www.cdc.gov/,,Source not accessible,486,#VALUE!,
GenderIncomeInequality,STATS,"auto2w, laelaps",,us_stats,2023,N/A,,2026-02-09,https://www.datacommons.org/,Data Commons Aggregations,https://datacommons.org/,,https://datacommons.org/,,No last observation date,44,#VALUE!,
Commerce_NTIA,STATS,auto2w,auto2w,us_stats,2023-11,N/A,,2026-02-06,https://www.ntia.gov/other-publication/2022/digital-nation-data-explorer#sel=homeEverOnline&demo=race&pc=count&disp=both,NTIA Internet Use Survey,https://www.ntia.gov/other-publication/2022/digital-nation-data-explorer#sel=homeEverOnline&demo=race&pc=count&disp=both,,https://data.commerce.gov/,,No last observation date,47,#VALUE!,
NCSES_DoctorateDegreeEmployment,STATS,auto2w,auto2w,us_stats,2017,N/A,,2026-02-09,https://ncses.nsf.gov/pubs/nsf19304/data,National Center for Science and Engineering Statistics,https://ncses.nsf.gov/,,https://www.nsf.gov/,,No last observation date,44,#VALUE!,
NCES_SchoolDistrictStats,STATS,auto2w,auto2w,us_stats,2024,N/A,,,https://nces.ed.gov/ccd/elsi/tableGenerator.aspx,Public School and School District Data,https://nces.ed.gov/ccd/elsi/,,https://nces.ed.gov/,,No last observation date,,#VALUE!,
CDC_OzoneCounty,STATS,auto1w,auto1w,us_stats,2019-12-31,N/A,,2026-01-05,https://data.cdc.gov/browse?category=Environmental+Health+%26+Toxicology&sortBy=last_modified&page=1,Environmental Health Toxicology,https://data.cdc.gov/browse?category=Environmental+Health+%26+Toxicology%22,,https://www.cdc.gov/,,No last observation date,79,#VALUE!,
EPA_EJSCREEN,STATS,infrequent,,us_stats,2024,N/A,,2026-02-01,https://gaftp.epa.gov/EJSCREEN/,EJSCREEN,https://www.epa.gov/ejscreen,,https://www.epa.gov/,,No last observation date,52,#VALUE!,
NCSES_Employed_College_Grads_Import,STATS,"frequent, auto2w",auto2w,us_stats,2021,N/A,,2026-02-04,https://ncsesdata.nsf.gov/explorer/datatables?term=race&exactMatch=no&page=1&filterSuperTopic=Demographics&filterTopic=Sex&datatablespage=2,National Center for Science and Engineering Statistics,https://ncses.nsf.gov/,,https://www.nsf.gov/,,No last observation date,49,#VALUE!,
CDC500_States,STATS,"laelaps, auto1w",auto1w,us_stats,2022,N/A,,2026-02-02,https://www.cdc.gov/places/index.html,PLACES: Local Data for Better Health,https://www.cdc.gov/places/index.html,,https://www.cdc.gov/,,No last observation date,51,#VALUE!,
EIA_Petroleum,STATS,"auto2w, infrequent",auto2w,us_stats,2025-10-13,N/A,,2026-01-20,https://www.eia.gov/opendata/qb.php?category=714755,Open Data,https://www.eia.gov/opendata/qb.php,,https://www.eia.gov/,,No last observation date,64,#VALUE!,
CaliforniaSchoolPerformance,STATS,infrequent,,us_stats,2022,N/A,,,https://caaspp-elpac.ets.org/elpac/,California School Performance,https://caaspp-elpac.ets.org/elpac/,,https://caaspp-elpac.ets.org/elpac/,,No last observation date,,#VALUE!,
USNationalPrisonerStatistics,STATS,"frequent, auto2w",auto2w,us_stats,2022,N/A,,2026-02-05,https://www.bjs.gov/index.cfm?ty=dcdetail&iid=269,National Prisoner Statistics (NPS) Program,https://bjs.ojp.gov/data-collection/national-prisoner-statistics-nps-program,,https://bjs.ojp.gov/,,No last observation date,48,#VALUE!,
RFF_ClimateWildfireSmoke_ParksAbatzoglou,STATS,infrequent,,us_stats,2017,N/A,,2023-04-17,https://doi.org/10.5061/dryad.tmpg4f4x1,"US Wildfire, Smoke and Drought statistics - County and State",https://www.rff.org/publications/data-tools/,,https://www.rff.org/,,No last observation date,"1,073",#VALUE!,
USFEMA_NationalRiskIndex,STATS,auto2w,auto2w,us_stats,2023-03,N/A,,2025-11-16,https://hazards.fema.gov/nri/,National Risk Index,https://hazards.fema.gov/nri/,,https://www.fema.gov/,,No last observation date,129,#VALUE!,
EIA_Electricity,STATS,"auto2w, infrequent",auto2w,us_stats,2025-10,N/A,,2026-01-20,https://www.eia.gov/opendata/browser/electricity,Open Data,https://www.eia.gov/opendata/qb.php,,https://www.eia.gov/,,No last observation date,64,#VALUE!,
Dartmouth_Atlas_Medicare,STATS,infrequent,,us_stats,2016,N/A,,2022-06-02,https://atlasdata.dartmouth.edu,Dartmouth Atlas of Health Care,https://www.dartmouthatlas.org/,,https://www.dartmouthatlas.org/,,No last observation date,"1,392",#VALUE!,
US_CDC_PRAMS,STATS,infrequent,,us_stats,2021,N/A,,,https://www.cdc.gov/prams/prams-data/,Pregnancy Risk Assessment Monitoring System (PRAMS),https://www.cdc.gov/prams/php/data-research/index.html,,https://www.cdc.gov/,,No last observation date,,#VALUE!,
FeedingAmerica_MapMealGap,STATS,infrequent,,us_stats,2019,N/A,,,https://map.feedingamerica.org/,Feeding America: Map Meal Gap,https://map.feedingamerica.org,,https://www.feedingamerica.org/,,,,#VALUE!,
NCES_PrivateSchoolStats,STATS,auto2w,auto2w,us_stats,2020,N/A,,,https://nces.ed.gov/ccd/elsi/tableGenerator.aspx,US Private School Data,https://nces.ed.gov/ccd/elsi/,,https://nces.ed.gov/,,,,#VALUE!,
RFF_ClimateWildfireSmoke_EchoLab,STATS,infrequent,,us_stats,2020,N/A,,2023-04-17,https://www.stanfordecholab.com/wildfire_smoke,"US Wildfire, Smoke and Drought statistics - County and State",https://www.rff.org/publications/data-tools/,,https://www.rff.org/,,No last observation date,"1,073",#VALUE!,
BLS_LAUS,STATS,"dcbranch, searchbranch, searchaim, frequent, laelaps",searchbranch,us_stats,2025-12,2025-10-25,,,https://www.bls.gov/lau/,Local Area Unemployment Statistics (LAUS),https://www.bls.gov/lau/,,https://www.bls.gov/,,Got the date from this page: https://www.bls.gov/cps/duration.htm ,,#VALUE!,
FBIHateCrime,STATS,"frequent, infrequent",auto1w,us_stats,2023,2025-09-24,,,https://www.fbi.gov/services/cjis/ucr/hate-crime,Hate Crime Statistics,https://www.fbi.gov/services/cjis/ucr/hate-crime,,https://www.fbi.gov/,,Got the date from this page: https://www.justice.gov/hatecrimes/2023-hate-crime-statistics  ,,"43,901",
FBIGovCrime,STATS,"infrequent, laelaps, auto1w",auto1w,us_stats,2024,N/A,,2026-01-01,http://www.fbi.gov/services/cjis/ucr,Uniform Crime Reporting (UCR) Program,https://www.fbi.gov/services/cjis/ucr,,https://www.fbi.gov/,,No last observation date,83,#VALUE!,
BEAGDPPriceParity,STATS,infrequent,,us_stats,2019,2026-02-19,,,https://www.bea.gov/data,Regional Price Parities by State and Metro Area,https://www.bea.gov/data/prices-inflation/regional-price-parities-state-and-metro-area,,https://www.bea.gov/,,,,"44,053",
FBIHateCrimePublications,STATS,"frequent, infrequent",auto1w,us_stats,2023-12,2025-09-24,,,https://cde.ucr.cjis.gov/LATEST/webapp/#/pages/explorer/crime/hate-crime,Hate Crime Statistics,https://www.fbi.gov/services/cjis/ucr/hate-crime,,https://www.fbi.gov/,,,,#VALUE!,
FARS_CrashData,STATS,auto2w,auto2w,us_stats,2023-12-31,N/A,,2026-02-03,https://www.nhtsa.gov/file-downloads?p=nhtsa/downloads/FARS/,Fatality Analysis Reporting System (FARS) Crash Data,https://www.nhtsa.gov/crash-data-systems/fatality-analysis-reporting-system,,https://www.nhtsa.gov/,,No last observation date,50,#VALUE!,
UniversityData,STATS,"infrequent, place",,us_stats,2016,2025-11-17,,,https://collegescorecard.ed.gov,College Scorecard,https://collegescorecard.ed.gov/data,,https://www.ed.gov/,,No last observation date,,"43,962",
EIA_NaturalGas,STATS,"auto2w, infrequent",auto2w,us_stats,2025-07,N/A,,2026-01-20,https://www.eia.gov/opendata/qb.php?category=714804,Open Data,https://www.eia.gov/opendata/qb.php,,https://www.eia.gov/,,No last observation date,64,#VALUE!,
CBECS_Energy,STATS,infrequent,,us_stats,2012,2024-12-10,,,https://www.eia.gov/consumption/commercial/data/2012/index.php?view=consumption,Commercial Buildings Energy Consumption Survey (CBECS),https://www.eia.gov/consumption/commercial/,,https://www.eia.gov/,,,,"43,624",
CDCWonder_NNDSS_InfectiousAnnual,STATS,"infrequent, auto1w",auto1w,us_stats,2022,N/A,,,https://wonder.cdc.gov/nndss/nndss_annual_tables_menu.asp,National Notifiable Diseases Surveillance System (NNDSS),https://www.cdc.gov/nndss/data-statistics/index.html,,https://www.cdc.gov/,,No last observation date,,#VALUE!,
RFF_ClimateWildfireSmoke_MTBS,STATS,infrequent,,us_stats,2021,N/A,,2023-04-17,https://www.mtbs.gov,"US Wildfire, Smoke and Drought statistics - County and State",https://www.rff.org/publications/data-tools/,,https://www.rff.org/,,No last observation date,"1,073",#VALUE!,
CDC_OzoneCensusTract,STATS,auto1w,,us_stats,2020-12-31,2018-06-05,,,https://data.cdc.gov/browse?category=Environmental+Health+%26+Toxicology,Environmental Health Toxicology,https://data.cdc.gov/browse?category=Environmental+Health+%26+Toxicology%22,,https://www.cdc.gov/,,No last observation date,,-940,
FEC,STATS,"infrequent, place",,us_stats,2024,N/A,,,https://www.fec.gov/data/browse-data/?tab=bulk-data,Candidates & Committees,https://www.fec.gov/data/browse-data/?tab=bulk-data,,https://www.fec.gov/,,No last observation date,,#VALUE!,
USGSWaterUse,STATS,infrequent,,us_stats,2015,N/A,,2022-06-02,https://waterdata.usgs.gov/nwis/wu,National Water Use Data,https://waterdata.usgs.gov/nwis/wu,,https://www.usgs.gov/,,No last observation date,"1,392",#VALUE!,
CDCPM25,STATS,infrequent,,us_stats,2014-12-31,2018-06-05,,,https://data.cdc.gov/Environmental-Health-Toxicology/Daily-PM2-5-Concentrations-All-County-2001-2016/7vdq-ztk9,Environmental Health Toxicology,https://data.cdc.gov/browse?category=Environmental+Health+%26+Toxicology%22,,https://www.cdc.gov/,,No last observation date,,"1,252",
USDOL_ETA539,STATS,"dcbranch, searchbranch, frequent, laelaps",searchbranch,us_stats,2026-01-31,N/A,,,https://oui.doleta.gov/unemploy/,Weekly Claims and Extended Benefits Trigger Data,https://oui.doleta.gov/unemploy/DataDownloads.asp,,https://www.dol.gov/,,No last observation date,,#VALUE!,
CDCDiabetes,STATS,infrequent,,us_stats,2021,N/A,,2024-01-12,https://gis.cdc.gov/grasp/diabetes/DiabetesAtlas.html,Diabetes Surveillance System,https://gis.cdc.gov/grasp/diabetes/DiabetesAtlas.html,,https://www.cdc.gov/,,No last observation date,803,#VALUE!,
EIA_TotalEnergy,STATS,"auto2w, infrequent",auto2w,us_stats,2025-12,N/A,,2026-02-05,https://www.eia.gov/opendata/qb.php?category=711224,Open Data,https://www.eia.gov/opendata/qb.php,,https://www.eia.gov/,,No last observation date,48,#VALUE!,
OpportunityInsightsNeighborhoods,STATS,infrequent,,us_stats,2015,N/A,,,http://opportunityinsights.org,The Opportunity Atlas,https://opportunityinsights.org/data/,,https://opportunityinsights.org/,,No last observation date,,#VALUE!,
DEA_ARCOS,STATS,infrequent,,us_stats,2017-10,N/A,,2022-06-02,https://www.deadiversion.usdoj.gov/arcos/retail_drug_summary/,ARCOS Retail Drug Summary Reports,https://www.deadiversion.usdoj.gov/arcos/retail_drug_summary/arcos-drug-summary-reports.html,,https://www.dea.gov/,,No last observation date,"1,392",#VALUE!,
CensusACSBtable5YearSurvey_Btable_B25031,STATS,infrequent,,us_census,2022,2026-01-23,,,https://data.census.gov/table/ACSDT5Y2022.B25031,American Community Survey (ACS),https://www.census.gov/programs-surveys/acs,,https://www.census.gov/,,No data provided for comparison.,,"44,023",
Commerce_EDA,STATS,auto2w,auto2w,us_census,2021,N/A,,2026-02-09,https://www.commerce.gov/bureaus-and-offices/eda,Economic Development Administration (EDA),https://www.eda.gov/performance/tools,,https://data.commerce.gov/,,Latest Observation date not available ,44,#VALUE!,
CensusSuperTMCFTable_ECNBASIC2012_EC1200A1,STATS,uscensus,,us_census,2012,N/A,,,https://data.census.gov/api/access/table/download,Economic Census,https://www.census.gov/programs-surveys/economic-census/about.html,,https://www.census.gov/,,Latest Observation date not available .Page last revised date available,,#VALUE!,
NOAA_CoastWatch_SeaSurfaceTemperature,STATS,infrequent,,international_stats,2021-12-01,N/A,,,https://coastwatch.noaa.gov/erddap/griddap/noaacwBLENDEDsstDaily.html,NOAA CoastWatch,https://coastwatch.noaa.gov/cwn/index.html,,https://www.noaa.gov/,,Latest Observation date not available ,,#VALUE!,
DynamicWorld_FloodEvents_Places_AutoRefresh,STATS,"auto2w, laelaps",auto2w,international_stats,2025-10,N/A,,2026-01-09,https://developers.google.com/earth-engine/datasets/catalog/GOOGLE_DYNAMICWORLD_V1,Inferred Floods from Dynamic World,https://developers.google.com/earth-engine/datasets/catalog/GOOGLE_DYNAMICWORLD_V1,,https://developers.google.com/earth-engine/datasets/catalog/GOOGLE_DYNAMICWORLD_V1,,Latest Observation date not available ,75,#VALUE!,
EthiopiaStatistics,STATS,"infrequent, country",,international_stats,2022,N/A,,2025-03-08,https://ethiopia.opendataforafrica.org/data/#menu=topic,Ethiopia Statistics,https://ethiopia.opendataforafrica.org/,,https://dataportal.opendataforafrica.org/,,Latest observation date not available,382,#VALUE!,
WetBulbTemperatureEventPlaces_AutoRefresh,STATS,auto1w,auto1w,international_stats,2022-09-26,N/A,,2023-05-30,https://datacommons.org/,WetBulb Temperature Event,https://datacommons.org/,,https://datacommons.org/,,Latest Observation date not available ,"1,030",#VALUE!,
UnitedKingdomMHCLG_IMD2019,STATS,infrequent,,international_stats,2019,2019-09-26,,,https://www.gov.uk/government/statistics/english-indices-of-deprivation-2019,IMD2019,https://www.gov.uk/government/statistics/english-indices-of-deprivation-2019/,,https://www.gov.uk/government/organisations/ministry-of-housing-communities-and-local-government,,No last observation date,,"41,715",
Kenya_Census,STATS,country,,international_stats,2022,N/A,,2025-03-14,https://kenya.opendataforafrica.org/,Kenya Census,https://kenya.opendataforafrica.org/,,https://dataportal.opendataforafrica.org/,,Latest Observation date not available ,376,#VALUE!,
SouthKorea_Education,STATS,country,,international_stats,2024,N/A,,,https://kosis.kr/eng/,South Korea Statistics,https://kosis.kr/eng/statisticsList/statisticsListIndex.do,,https://kosis.kr/eng/,,Latest Observation date not available ,,#VALUE!,
OECD_GDP,STATS,country,,international_stats,,N/A,,,#N/A,#N/A,#N/A,,#N/A,,Latest Observation date not available ,,,
Cotedivoire_Census,STATS,country,,international_stats,2024-12,2023-09-25,,,https://cotedivoire.opendataforafrica.org/,Ivory Coast Census,https://cotedivoire.opendataforafrica.org/,,https://dataportal.opendataforafrica.org/,,,,#VALUE!,
Israel_Census,STATS,country,,international_stats,2021,N/A,,2023-07-03,https://www.cbs.gov.il/,Israel Census,https://www.cbs.gov.il/en/Statistics/Pages/Generators/Time-Series-DataBank.aspx?level_1=4,,https://www.cbs.gov.il/he/Pages/default.aspx,,Latest Observation date not available ,996,#VALUE!,
Indonesia_Census,STATS,country,,international_stats,2022,N/A,,2023-05-29,https://www.bps.go.id/,Indonesia Census,https://www.bps.go.id/indikator/indikator/list_/da_03/,,https://www.bps.go.id/,,Latest Observation date not available ,"1,031",#VALUE!,
NASA_VIIRSActiveFiresEvent_Observations,STATS,auto1w,auto1w,international_stats,2026-01-31,2026-02-19,,,https://www.earthdata.nasa.gov/learn/find-data/near-real-time/firms/vnp14imgtdlnrt,VIIRS Active Fire Data,https://www.earthdata.nasa.gov/learn/find-data/near-real-time/firms/vnp14imgtdlnrt,,https://www.nasa.gov/,,,,19,
UAE_Population,STATS,"country, auto2w",auto2w,international_stats,2005,N/A,,2026-01-19,https://bayanat.ae/en/Data?query=population,UAE Population,https://admin.bayanat.ae/Dataset/DownloadDatasetResource?fileId=26585eaf-9a9c-486d-b773-fc51ef0204c9&resourceID=11243,,https://bayanat.ae/,,Latest Observation date not available ,65,#VALUE!,
UN_SDG,STATS,"country, searchaim",,international_stats,2024,N/A,,2024-05-08,https://unstats.un.org/sdgs/dataportal,SDG Indicators Database,https://unstats.un.org/sdgs/dataportal,,https://www.un.org/en/,,No last observation date,686,#VALUE!,
ClimateTrace_GHG_Emissions,STATS,"dcbranch, infrequent",,international_stats,2021,N/A,,2023-09-13,https://api.climatetrace.org/,Climate TRACE GHG Emissions,https://climatetrace.org/inventory,,https://climatetrace.org/,,No last observation date,924,#VALUE!,
HumanCuratedStats,STATS,"searchonly, laelaps",,international_stats,,N/A,,,#N/A,#N/A,#N/A,,#N/A,,No last observation date,,,
NOAA_GPCC_StandardardizedPrecipitationIndex_Event_Places,STATS,auto1w,auto1w,international_stats,2025-05,2026-02-10,,,https://www.drought.gov/data-maps-tools/global-precipitation-climatology-centre-gpcc-standardized-precipitation-index-spi,GPCC Monthly SPI Data,https://www.ncei.noaa.gov/pub/data/nidis/gpcc/spi-pearson,,https://www.noaa.gov/,,No last observation date,,#VALUE!,
ClimateTrace_GHG_Emissions_OldAPI,STATS,infrequent,,international_stats,2020,N/A,,2022-08-15,https://climatetrace.org/inventory,Climate TRACE GHG Emissions,https://climatetrace.org/inventory,,https://climatetrace.org/,,No last observation date,"1,318",#VALUE!,
OECDRegionalDemography_LifeExpectancy,STATS,"auto1w, laelaps, searchaim",auto1w,international_stats,2024,N/A,,2026-01-15,https://data-explorer.oecd.org/vis?df[ds]=DisseminateFinalDMZ&df[id]=DSD_REG_DEMO%40DF_LIFE_EXP&df[ag]=OECD.CFE.EDS&df[vs]=2.0&dq=A.......&pd=%2C&to[TIME_PERIOD]=false&vw=tb,OECD Regional Demography Statistics Life Expectancy,https://data-explorer.oecd.org/vis?df[ds]=DisseminateFinalDMZ&df[id]=DSD_REG_DEMO%40DF_LIFE_EXP&df[ag]=OECD.CFE.EDS&df[vs]=2.0&dq=A.......&pd=%2C&to[TIME_PERIOD]=false&vw=tb,,https://stats.oecd.org/,,No last observation date,69,#VALUE!,
AustraliaStatistics,STATS,country,,international_stats,2023-01,N/A,,2023-05-15,https://www.abs.gov.au/statistics,Australia Statistics,https://www.abs.gov.au/statistics,,https://www.abs.gov.au/,,No last observation date,"1,045",#VALUE!,
Japan_Census,STATS,country,,international_stats,2022,N/A,,2023-06-21,https://www.e-stat.go.jp/,Japan Census,https://dashboard.e-stat.go.jp/graphSearch/graphSearchResult?selectedLFieldCd=02,,https://www.e-stat.go.jp/,,No last observation date,"1,008",#VALUE!,
Mongolia_Health,STATS,"auto2w, country",auto2w,international_stats,2025-06,2026-02-10,,2025-11-08,https://www.1212.mn/en/statcate,Mongolia Statistics,https://www.1212.mn/en/statcate,,https://www.1212.mn/en/statcate,,No last observation date,137,#VALUE!,
Brazil_RuralDevelopmentProgram,STATS,country,,international_stats,2025-06,N/A,,2026-01-16,https://aplicacoes.cidadania.gov.br/vis/data3/data-explorer.php,Brazil VIS DATA 3,https://aplicacoes.cidadania.gov.br/vis/data3/data-explorer.php,,https://www.gov.br/mds/pt-br/pt-br/servicos/sistemas,,No last observation date,68,#VALUE!,
OECDRegionalDemography_PopulationDensity,STATS,"auto1w, laelaps, searchaim",auto1w,international_stats,2023,N/A,,2026-02-01,https://data-explorer.oecd.org/vis?pg=0&snb=1&tm=pop%20density&df[ds]=dsDisseminateFinalDMZ&df[id]=DSD_REG_DEMO%40DF_DENSITY&df[ag]=OECD.CFE.EDS&df[vs]=2.0&dq=A.......&pd=%2C&to[TIME_PERIOD]=false&vw=tb,OECD Regional Demography Statistics Population Density,https://data-explorer.oecd.org/vis?pg=0&snb=1&tm=pop%20density&df[ds]=dsDisseminateFinalDMZ&df[id]=DSD_REG_DEMO%40DF_DENSITY&df[ag]=OECD.CFE.EDS&df[vs]=2.0&dq=A.......&pd=%2C&to[TIME_PERIOD]=false&vw=tb,,https://stats.oecd.org/,,No last observation date,52,#VALUE!,
Subnational_Demographics_Stats,STATS,"frequent, auto2w",auto2w,international_stats,2016,N/A,,2026-02-07,https://databank.worldbank.org/source/subnational-population,World Bank Subnational Population,https://databank.worldbank.org/source/subnational-population,,https://www.worldbank.org/en/home,,Latest Observation date not available ,46,#VALUE!,
Uganda_Census,STATS,country,,international_stats,2016,N/A,,2023-08-11,https://uganda.opendataforafrica.org/,Uganda Bureau of Statistics (UBOS),https://uganda.opendataforafrica.org/,,https://dataportal.opendataforafrica.org/,,Latest Observation date not available ,957,#VALUE!,
WorldBankDatasets,STATS,"searchaim, infrequent, auto2w",auto2w,international_stats,2100,N/A,,2026-01-22,https://databank.worldbank.org/source/world-development-indicators,World Bank Datasets,https://data.worldbank.org,,https://www.worldbank.org/en/home,,Latest Observation date not available ,62,#VALUE!,
EuroStatHealth_BodyMassIndex,STATS,auto1w,auto1w,international_stats,2019,2025-07-05,,2026-01-02,https://ec.europa.eu/eurostat/web/main/data/database,EuroStat Health,https://ec.europa.eu/eurostat/web/health/data/database,,https://ec.europa.eu/eurostat,,,82,"43,824",
INPE_Fire_Event_Count,STATS,auto2w,auto2w,international_stats,2026-01,N/A,,2023-10-20,https://terrabrasilis.dpi.inpe.br/queimadas/situacao-atual/estatisticas/estatisticas_estados/,BRAZIL INPE Fire Event Count,https://www.gov.br/inpe/pt-br/acesso-a-informacao/dados-abertos/,,https://www.gov.br/inpe/,,No last observation date,887,#VALUE!,
OECD_Air_GHG_emissions,STATS,country,,international_stats,2021,N/A,,,https://data.oecd.org/air/air-and-ghg-emissions.htm,Air and GHG emissions,https://data.oecd.org/air/air-and-ghg-emissions.htm,,https://stats.oecd.org/,,No last observation date,,#VALUE!,
Ireland_Census,STATS,"frequent, auto2w",auto2w,international_stats,2024,N/A,,2026-02-06,https://www.cso.ie/en/index.html,Ireland Census,https://www.cso.ie/en/statistics/,,https://www.cso.ie/en/index.html,,No last observation date,47,#VALUE!,
NOAA_GFS_WeatherForecast,STATS,auto1d,auto1d,international_stats,2026-02-24,N/A,,,https://www.ncei.noaa.gov/products/weather-climate-models/global-forecast,NOAA-GFS Weather Forecast,https://www.ncei.noaa.gov/products/weather-climate-models/global-forecast,,https://www.noaa.gov/,,No last observation date,,#VALUE!,1.16%
DynamicWorld_Floods,STATS,disaster,,international_stats,2022-10,N/A,,2022-11-24,https://developers.google.com/earth-engine/datasets/catalog/GOOGLE_DYNAMICWORLD_V1,Inferred Floods from Dynamic World,https://developers.google.com/earth-engine/datasets/catalog/GOOGLE_DYNAMICWORLD_V1,,https://developers.google.com/earth-engine/datasets/catalog/GOOGLE_DYNAMICWORLD_V1,,No last observation date,"1,217",#VALUE!,
WorldBank_IDS,STATS,"frequent, auto2w",auto2w,international_stats,2031,N/A,,2025-11-23,https://databank.worldbank.org/source/international-debt-statistics,World Bank International Debt Statistics,https://databank.worldbank.org/source/international-debt-statistics,,https://www.worldbank.org/en/home,,No last observation date,122,#VALUE!,
OWID_COVID19,STATS,"dcbranch, frequent",dcbranch,international_stats,2023-04-11,N/A,,,https://ourworldindata.org/coronavirus,COVID-19 Vaccinations,https://github.com/owid/covid-19-data/tree/master/public/data/vaccinations,,https://ourworldindata.org/,,No last observation date,,#VALUE!,
OneOrg_Debt,STATS,infrequent,,international_stats,2028,2025-12-18,,,https://data.one.org/,One.org Debt,https://data.one.org/data-dives/,,https://data.one.org/,,,,"43,981",
CycloneNOAA_Stats,STATS,"auto1d, laelaps",auto1d,international_stats,2025-09-23T00:00:00,N/A,,,https://www.ncei.noaa.gov/products/international-best-track-archive,International Best Track Archive for Climate Stewardship (IBTrACS),https://www.ncdc.noaa.gov/ibtracs/index.php?name=ib-v4-access,,https://www.noaa.gov/,,No last observation date,,#VALUE!,
Brazil_SIDRA_IBGE,STATS,"auto2w, country",auto2w,international_stats,2025-06,N/A,,2025-11-11,https://sidra.ibge.gov.br/home/pnadct,Brazil Bank of Statistical Tables,https://sidra.ibge.gov.br/home/pnadct,,https://www.ibge.gov.br/en/home-eng.html,,No last observation date,134,#VALUE!,
SouthKorea_Employment,STATS,country,,international_stats,2024,2026-02-11,,,https://kosis.kr/eng/statisticsList/statisticsListIndex.do,South Korea Statistics,https://kosis.kr/eng/statisticsList/statisticsListIndex.do,,https://kosis.kr/eng/,,,,"44,040",
USMonthlyRetailSales,STATS,"uscensus, searchaim, auto1w",auto1w,international_stats,2025-09,N/A,,2026-02-02,https://www.census.gov/retail/index.html,Monthly Retail Sales US Census,https://www.census.gov/retail/index.html,,https://www.census.gov/,,No last observation date,51,#VALUE!,
SouthKorea_Health,STATS,country,,international_stats,2024,N/A,,,https://kosis.kr/eng/statisticsList/statisticsListIndex.do,South Korea Statistics,https://kosis.kr/eng/statisticsList/statisticsListIndex.do,,https://kosis.kr/eng/,,No last observation date,,#VALUE!,
SouthAfrica_Budget,STATS,"country, infrequent",,international_stats,2023,N/A,,2024-08-29,https://github.com/dsfsi/data-commons-data/tree/master/data/budget%20data/csv,South Africa Budget,https://github.com/dsfsi/data-commons-data/tree/master/data/budget%20data/csv/,,https://github.com/dsfsi/data-commons-data/tree/master/data/budget%20data/csv/,,No last observation date,573,#VALUE!,
SouthKorea_Demographics,STATS,country,,international_stats,2024,N/A,,,https://kosis.kr/eng/statisticsList/statisticsListIndex.do,South Korea Statistics,https://kosis.kr/eng/statisticsList/statisticsListIndex.do,,https://kosis.kr/eng/,,No last observation date,,#VALUE!,
OECDRegionalDemography_Population,STATS,"auto1w, laelaps, searchaim",auto1w,international_stats,2023,N/A,,2026-02-01,https://data-explorer.oecd.org/vis?fs[0]=Topic%2C0%7CRegional%252C%20rural%20and%20urban%20development%23GEO%23&pg=40&fc=Topic&bp=true&snb=117&df[ds]=dsDisseminateFinalDMZ&df[id]=DSD_REG_DEMO%40DF_POP_5Y&df[ag]=OECD.CFE.EDS&df[vs]=2.0&dq=A.......&to[TIME_PERIOD]=false&vw=tb&pd=%2C,OECD Regional Demography Statistics Population,https://data-explorer.oecd.org/vis?fs[0]=Topic%2C0%7CRegional%252C%20rural%20and%20urban%20development%23GEO%23&pg=40&fc=Topic&bp=true&snb=117&df[ds]=dsDisseminateFinalDMZ&df[id]=DSD_REG_DEMO%40DF_POP_5Y&df[ag]=OECD.CFE.EDS&df[vs]=2.0&dq=A.......&to[TIME_PERIOD]=false&vw=tb&pd=%2C,,https://stats.oecd.org/,,No last observation date,52,#VALUE!,
WikipediaStatsData,STATS,"infrequent, laelaps",,international_stats,7789,N/A,,2025-11-07,https://www.wikipedia.org,,,,,,No last observation date,138,#VALUE!,
Argentina_Census,STATS,country,,international_stats,2019,N/A,,2023-05-11,https://www.indec.gob.ar,Argentina Census,https://www.indec.gob.ar,,https://www.indec.gob.ar,,No last observation date,"1,049",#VALUE!,
UNEnergy,STATS,auto2w,auto2w,international_stats,2023,N/A,,2026-01-15,https://unstats.un.org/unsd/energystats/data/,Energy Statistics,https://unstats.un.org/unsd/energystats/data/,,https://www.un.org/en/,,No last observation date,69,#VALUE!,
MexicoCensus,STATS,country,,international_stats,2022-12,N/A,,2023-07-19,https://www.inegi.org.mx/temas/,Mexico Census,https://en.www.inegi.org.mx/temas/,,https://www.inegi.org.mx/default.html,,No last observation date,980,#VALUE!,
NOAA_CoastWatch_SeaSurfaceSalinity,STATS,infrequent,,international_stats,2021-12-01,N/A,,,https://coastwatch.noaa.gov/erddap/griddap/noaacwSMAPsss3Daily.html,NOAA CoastWatch,https://coastwatch.noaa.gov/cwn/index.html,,https://www.noaa.gov/,,No last observation date,,#VALUE!,
Zurich_Population_By_Sex,STATS,auto2w,auto2w,international_stats,2023,2026-02-24,,2026-01-29,https://www.stadt-zuerich.ch/content/dam/web/de/politik-verwaltung/statistik-und-daten/linked-open-data/datacommons/bev_3903_sex_wiki.csv,Zurich population,https://data.stadt-zuerich.ch/,,https://data.stadt-zuerich.ch//,,No last observation date,55,"44,054",
Brazil_FoodDsitribution,STATS,country,,international_stats,2023-11,2024-11-12,,,https://aplicacoes.cidadania.gov.br/vis/data3/data-explorer.php,Brazil VIS DATA 3,https://aplicacoes.cidadania.gov.br/vis/data3/data-explorer.php,,https://www.gov.br/mds/pt-br/pt-br/servicos/sistemas,,,,#VALUE!,
Vietnam_Census,STATS,country,,international_stats,2022,N/A,,,https://www.gso.gov.vn/en/homepage/,Vietnam Census,https://www.gso.gov.vn/en/px-web/?pxid=E0201&theme=Population%20and%20Employment,,https://www.gso.gov.vn/en/homepage/,,Link not accessible,,#VALUE!,
,,,,,,,,,,,,,,,,,,
,,,,,,,,,,,,,,,,,,
,,,,,,,,,,,,,,,,,,
,,,,,,,,,,,,,,,,,,
,,,,,,,,,,,,,,,,,,
,,,,,,,,,,,,,,,,,,
,,,,,,,,,,,,,,,,,,
,,,,,,,,,,,,,,,,,,
,,,,,,,,,,,,,,,,,,
,,,,,,,,,,,,,,,,,,
,,,,,,,,,,,,,,,,,,
,,,,,,,,,,,,,,,,,,
,,,,,,,,,,,,,,,,,,
,,,,,,,,,,,,,,,,,,
,,,,,,,,,,,,,,,,,,
,,,,,,,,,,,,,,,,,,
,,,,,,,,,,,,,,,,,,
,,,,,,,,,,,,,,,,,,
,,,,,,,,,,,,,,,,,,
,,,,,,,,,,,,,,,,,,
,,,,,,,,,,,,,,,,,,
,,,,,,,,,,,,,,,,,,
,,,,,,,,,,,,,,,,,,
,,,,,,,,,,,,,,,,,,
,,,,,,,,,,,,,,,,,,
,,,,,,,,,,,,,,,,,,
,,,,,,,,,,,,,,,,,,
,,,,,,,,,,,,,,,,,,
,,,,,,,,,,,,,,,,,,
,,,,,,,,,,,,,,,,,,
,,,,,,,,,,,,,,,,,,
,,,,,,,,,,,,,,,,,,
,,,,,,,,,,,,,,,,,,
,,,,,,,,,,,,,,,,,,
,,,,,,,,,,,,,,,,,,
,,,,,,,,,,,,,,,,,,
,,,,,,,,,,,,,,,,,,
,,,,,,,,,,,,,,,,,,
,,,,,,,,,,,,,,,,,,
,,,,,,,,,,,,,,,,,,
,,,,,,,,,,,,,,,,,,
,,,,,,,,,,,,,,,,,,
,,,,,,,,,,,,,,,,,,
,,,,,,,,,,,,,,,,,,
,,,,,,,,,,,,,,,,,,
,,,,,,,,,,,,,,,,,,
,,,,,,,,,,,,,,,,,,
,,,,,,,,,,,,,,,,,,
,,,,,,,,,,,,,,,,,,
,,,,,,,,,,,,,,,,,,
,,,,,,,,,,,,,,,,,,
,,,,,,,,,,,,,,,,,,
,,,,,,,,,,,,,,,,,,
,,,,,,,,,,,,,,,,,,
,,,,,,,,,,,,,,,,,,
,,,,,,,,,,,,,,,,,,
,,,,,,,,,,,,,,,,,,
,,,,,,,,,,,,,,,,,,
,,,,,,,,,,,,,,,,,,
,,,,,,,,,,,,,,,,,,
,,,,,,,,,,,,,,,,,,
,,,,,,,,,,,,,,,,,,
,,,,,,,,,,,,,,,,,,
,,,,,,,,,,,,,,,,,,
,,,,,,,,,,,,,,,,,,
,,,,,,,,,,,,,,,,,,
,,,,,,,,,,,,,,,,,,
,,,,,,,,,,,,,,,,,,
,,,,,,,,,,,,,,,,,,
,,,,,,,,,,,,,,,,,,
,,,,,,,,,,,,,,,,,,
,,,,,,,,,,,,,,,,,,
,,,,,,,,,,,,,,,,,,
,,,,,,,,,,,,,,,,,,
,,,,,,,,,,,,,,,,,,
,,,,,,,,,,,,,,,,,,
,,,,,,,,,,,,,,,,,,
,,,,,,,,,,,,,,,,,,
,,,,,,,,,,,,,,,,,,
,,,,,,,,,,,,,,,,,,
,,,,,,,,,,,,,,,,,,
,,,,,,,,,,,,,,,,,,
,,,,,,,,,,,,,,,,,,
,,,,,,,,,,,,,,,,,,
,,,,,,,,,,,,,,,,,,
,,,,,,,,,,,,,,,,,,
,,,,,,,,,,,,,,,,,,
,,,,,,,,,,,,,,,,,,
,,,,,,,,,,,,,,,,,,
,,,,,,,,,,,,,,,,,,
,,,,,,,,,,,,,,,,,,
,,,,,,,,,,,,,,,,,,
,,,,,,,,,,,,,,,,,,
,,,,,,,,,,,,,,,,,,
,,,,,,,,,,,,,,,,,,
,,,,,,,,,,,,,,,,,,
,,,,,,,,,,,,,,,,,,
,,,,,,,,,,,,,,,,,,
,,,,,,,,,,,,,,,,,,
,,,,,,,,,,,,,,,,,,
,,,,,,,,,,,,,,,,,,
,,,,,,,,,,,,,,,,,,
,,,,,,,,,,,,,,,,,,
,,,,,,,,,,,,,,,,,,
,,,,,,,,,,,,,,,,,,
,,,,,,,,,,,,,,,,,,
,,,,,,,,,,,,,,,,,,
,,,,,,,,,,,,,,,,,,
,,,,,,,,,,,,,,,,,,
,,,,,,,,,,,,,,,,,,
,,,,,,,,,,,,,,,,,,
,,,,,,,,,,,,,,,,,,
,,,,,,,,,,,,,,,,,,
,,,,,,,,,,,,,,,,,,
,,,,,,,,,,,,,,,,,,
,,,,,,,,,,,,,,,,,,
,,,,,,,,,,,,,,,,,,
,,,,,,,,,,,,,,,,,,
,,,,,,,,,,,,,,,,,,
,,,,,,,,,,,,,,,,,,
,,,,,,,,,,,,,,,,,,
,,,,,,,,,,,,,,,,,,
,,,,,,,,,,,,,,,,,,
,,,,,,,,,,,,,,,,,,
,,,,,,,,,,,,,,,,,,
,,,,,,,,,,,,,,,,,,
,,,,,,,,,,,,,,,,,,
,,,,,,,,,,,,,,,,,,
,,,,,,,,,,,,,,,,,,
,,,,,,,,,,,,,,,,,,
,,,,,,,,,,,,,,,,,,
,,,,,,,,,,,,,,,,,,
,,,,,,,,,,,,,,,,,,
,,,,,,,,,,,,,,,,,,
,,,,,,,,,,,,,,,,,,
,,,,,,,,,,,,,,,,,,
,,,,,,,,,,,,,,,,,,
,,,,,,,,,,,,,,,,,,
,,,,,,,,,,,,,,,,,,
,,,,,,,,,,,,,,,,,,
,,,,,,,,,,,,,,,,,,
,,,,,,,,,,,,,,,,,,
,,,,,,,,,,,,,,,,,,
,,,,,,,,,,,,,,,,,,
,,,,,,,,,,,,,,,,,,
,,,,,,,,,,,,,,,,,,
,,,,,,,,,,,,,,,,,,
,,,,,,,,,,,,,,,,,,
,,,,,,,,,,,,,,,,,,
,,,,,,,,,,,,,,,,,,
,,,,,,,,,,,,,,,,,,
,,,,,,,,,,,,,,,,,,
,,,,,,,,,,,,,,,,,,
,,,,,,,,,,,,,,,,,,
,,,,,,,,,,,,,,,,,,
,,,,,,,,,,,,,,,,,,
,,,,,,,,,,,,,,,,,,
,,,,,,,,,,,,,,,,,,
,,,,,,,,,,,,,,,,,,
,,,,,,,,,,,,,,,,,,
,,,,,,,,,,,,,,,,,,
,,,,,,,,,,,,,,,,,,
,,,,,,,,,,,,,,,,,,
,,,,,,,,,,,,,,,,,,
,,,,,,,,,,,,,,,,,,
,,,,,,,,,,,,,,,,,,
,,,,,,,,,,,,,,,,,,
,,,,,,,,,,,,,,,,,,
,,,,,,,,,,,,,,,,,,
,,,,,,,,,,,,,,,,,,
,,,,,,,,,,,,,,,,,,
,,,,,,,,,,,,,,,,,,
,,,,,,,,,,,,,,,,,,
,,,,,,,,,,,,,,,,,,
,,,,,,,,,,,,,,,,,,
,,,,,,,,,,,,,,,,,,
,,,,,,,,,,,,,,,,,,
,,,,,,,,,,,,,,,,,,
,,,,,,,,,,,,,,,,,,
,,,,,,,,,,,,,,,,,,
,,,,,,,,,,,,,,,,,,
,,,,,,,,,,,,,,,,,,
,,,,,,,,,,,,,,,,,,
,,,,,,,,,,,,,,,,,,
,,,,,,,,,,,,,,,,,,
,,,,,,,,,,,,,,,,,,
,,,,,,,,,,,,,,,,,,
,,,,,,,,,,,,,,,,,,
,,,,,,,,,,,,,,,,,,
,,,,,,,,,,,,,,,,,,
,,,,,,,,,,,,,,,,,,
,,,,,,,,,,,,,,,,,,
,,,,,,,,,,,,,,,,,,
,,,,,,,,,,,,,,,,,,
,,,,,,,,,,,,,,,,,,
,,,,,,,,,,,,,,,,,,
,,,,,,,,,,,,,,,,,,
,,,,,,,,,,,,,,,,,,
,,,,,,,,,,,,,,,,,,
,,,,,,,,,,,,,,,,,,
,,,,,,,,,,,,,,,,,,
,,,,,,,,,,,,,,,,,,
,,,,,,,,,,,,,,,,,,
,,,,,,,,,,,,,,,,,,
,,,,,,,,,,,,,,,,,,
,,,,,,,,,,,,,,,,,,
,,,,,,,,,,,,,,,,,,
,,,,,,,,,,,,,,,,,,
,,,,,,,,,,,,,,,,,,
,,,,,,,,,,,,,,,,,,
,,,,,,,,,,,,,,,,,,
,,,,,,,,,,,,,,,,,,
,,,,,,,,,,,,,,,,,,
,,,,,,,,,,,,,,,,,,
,,,,,,,,,,,,,,,,,,
,,,,,,,,,,,,,,,,,,
,,,,,,,,,,,,,,,,,,
,,,,,,,,,,,,,,,,,,
,,,,,,,,,,,,,,,,,,
,,,,,,,,,,,,,,,,,,
,,,,,,,,,,,,,,,,,,
,,,,,,,,,,,,,,,,,,
,,,,,,,,,,,,,,,,,,
,,,,,,,,,,,,,,,,,,
,,,,,,,,,,,,,,,,,,
,,,,,,,,,,,,,,,,,,
,,,,,,,,,,,,,,,,,,
,,,,,,,,,,,,,,,,,,
,,,,,,,,,,,,,,,,,,
,,,,,,,,,,,,,,,,,,
,,,,,,,,,,,,,,,,,,
,,,,,,,,,,,,,,,,,,
,,,,,,,,,,,,,,,,,,
,,,,,,,,,,,,,,,,,,
,,,,,,,,,,,,,,,,,,
,,,,,,,,,,,,,,,,,,
,,,,,,,,,,,,,,,,,,
,,,,,,,,,,,,,,,,,,
,,,,,,,,,,,,,,,,,,
,,,,,,,,,,,,,,,,,,
,,,,,,,,,,,,,,,,,,
,,,,,,,,,,,,,,,,,,
,,,,,,,,,,,,,,,,,,
,,,,,,,,,,,,,,,,,,
,,,,,,,,,,,,,,,,,,
,,,,,,,,,,,,,,,,,,
,,,,,,,,,,,,,,,,,,
,,,,,,,,,,,,,,,,,,
,,,,,,,,,,,,,,,,,,
,,,,,,,,,,,,,,,,,,
,,,,,,,,,,,,,,,,,,
,,,,,,,,,,,,,,,,,,
,,,,,,,,,,,,,,,,,,
,,,,,,,,,,,,,,,,,,
,,,,,,,,,,,,,,,,,,
,,,,,,,,,,,,,,,,,,
,,,,,,,,,,,,,,,,,,
,,,,,,,,,,,,,,,,,,
,,,,,,,,,,,,,,,,,,
,,,,,,,,,,,,,,,,,,
,,,,,,,,,,,,,,,,,,
,,,,,,,,,,,,,,,,,,
,,,,,,,,,,,,,,,,,,
,,,,,,,,,,,,,,,,,,
,,,,,,,,,,,,,,,,,,
,,,,,,,,,,,,,,,,,,
,,,,,,,,,,,,,,,,,,
,,,,,,,,,,,,,,,,,,
,,,,,,,,,,,,,,,,,,
,,,,,,,,,,,,,,,,,,
,,,,,,,,,,,,,,,,,,
,,,,,,,,,,,,,,,,,,
,,,,,,,,,,,,,,,,,,
,,,,,,,,,,,,,,,,,,
,,,,,,,,,,,,,,,,,,
,,,,,,,,,,,,,,,,,,
,,,,,,,,,,,,,,,,,,
,,,,,,,,,,,,,,,,,,
,,,,,,,,,,,,,,,,,,
,,,,,,,,,,,,,,,,,,
,,,,,,,,,,,,,,,,,,
,,,,,,,,,,,,,,,,,,
,,,,,,,,,,,,,,,,,,
,,,,,,,,,,,,,,,,,,
,,,,,,,,,,,,,,,,,,
,,,,,,,,,,,,,,,,,,
,,,,,,,,,,,,,,,,,,
,,,,,,,,,,,,,,,,,,
,,,,,,,,,,,,,,,,,,
,,,,,,,,,,,,,,,,,,
,,,,,,,,,,,,,,,,,,
,,,,,,,,,,,,,,,,,,
,,,,,,,,,,,,,,,,,,
,,,,,,,,,,,,,,,,,,
,,,,,,,,,,,,,,,,,,
,,,,,,,,,,,,,,,,,,
,,,,,,,,,,,,,,,,,,
,,,,,,,,,,,,,,,,,,
,,,,,,,,,,,,,,,,,,
,,,,,,,,,,,,,,,,,,
,,,,,,,,,,,,,,,,,,
,,,,,,,,,,,,,,,,,,
,,,,,,,,,,,,,,,,,,
,,,,,,,,,,,,,,,,,,
,,,,,,,,,,,,,,,,,,
,,,,,,,,,,,,,,,,,,
,,,,,,,,,,,,,,,,,,
,,,,,,,,,,,,,,,,,,
,,,,,,,,,,,,,,,,,,
,,,,,,,,,,,,,,,,,,
,,,,,,,,,,,,,,,,,,
,,,,,,,,,,,,,,,,,,
,,,,,,,,,,,,,,,,,,
,,,,,,,,,,,,,,,,,,
,,,,,,,,,,,,,,,,,,
,,,,,,,,,,,,,,,,,,
,,,,,,,,,,,,,,,,,,
,,,,,,,,,,,,,,,,,,
,,,,,,,,,,,,,,,,,,
,,,,,,,,,,,,,,,,,,
,,,,,,,,,,,,,,,,,,
,,,,,,,,,,,,,,,,,,
,,,,,,,,,,,,,,,,,,
,,,,,,,,,,,,,,,,,,
,,,,,,,,,,,,,,,,,,
,,,,,,,,,,,,,,,,,,
,,,,,,,,,,,,,,,,,,
,,,,,,,,,,,,,,,,,,
,,,,,,,,,,,,,,,,,,
,,,,,,,,,,,,,,,,,,
,,,,,,,,,,,,,,,,,,
,,,,,,,,,,,,,,,,,,
,,,,,,,,,,,,,,,,,,
,,,,,,,,,,,,,,,,,,
,,,,,,,,,,,,,,,,,,
,,,,,,,,,,,,,,,,,,
,,,,,,,,,,,,,,,,,,
,,,,,,,,,,,,,,,,,,
,,,,,,,,,,,,,,,,,,
,,,,,,,,,,,,,,,,,,
,,,,,,,,,,,,,,,,,,
,,,,,,,,,,,,,,,,,,
,,,,,,,,,,,,,,,,,,
,,,,,,,,,,,,,,,,,,
,,,,,,,,,,,,,,,,,,
,,,,,,,,,,,,,,,,,,
,,,,,,,,,,,,,,,,,,
,,,,,,,,,,,,,,,,,,
,,,,,,,,,,,,,,,,,,
,,,,,,,,,,,,,,,,,,
,,,,,,,,,,,,,,,,,,
,,,,,,,,,,,,,,,,,,
,,,,,,,,,,,,,,,,,,
,,,,,,,,,,,,,,,,,,
,,,,,,,,,,,,,,,,,,
,,,,,,,,,,,,,,,,,,
,,,,,,,,,,,,,,,,,,
,,,,,,,,,,,,,,,,,,
,,,,,,,,,,,,,,,,,,
,,,,,,,,,,,,,,,,,,
,,,,,,,,,,,,,,,,,,
,,,,,,,,,,,,,,,,,,
,,,,,,,,,,,,,,,,,,
,,,,,,,,,,,,,,,,,,
,,,,,,,,,,,,,,,,,,
,,,,,,,,,,,,,,,,,,
,,,,,,,,,,,,,,,,,,
,,,,,,,,,,,,,,,,,,
,,,,,,,,,,,,,,,,,,
,,,,,,,,,,,,,,,,,,
,,,,,,,,,,,,,,,,,,
,,,,,,,,,,,,,,,,,,
,,,,,,,,,,,,,,,,,,
,,,,,,,,,,,,,,,,,,
,,,,,,,,,,,,,,,,,,
,,,,,,,,,,,,,,,,,,
,,,,,,,,,,,,,,,,,,
,,,,,,,,,,,,,,,,,,
,,,,,,,,,,,,,,,,,,
,,,,,,,,,,,,,,,,,,
,,,,,,,,,,,,,,,,,,
,,,,,,,,,,,,,,,,,,
,,,,,,,,,,,,,,,,,,
,,,,,,,,,,,,,,,,,,
,,,,,,,,,,,,,,,,,,
,,,,,,,,,,,,,,,,,,
,,,,,,,,,,,,,,,,,,
,,,,,,,,,,,,,,,,,,
,,,,,,,,,,,,,,,,,,
,,,,,,,,,,,,,,,,,,
,,,,,,,,,,,,,,,,,,
,,,,,,,,,,,,,,,,,,
,,,,,,,,,,,,,,,,,,
,,,,,,,,,,,,,,,,,,
,,,,,,,,,,,,,,,,,,
,,,,,,,,,,,,,,,,,,
,,,,,,,,,,,,,,,,,,
,,,,,,,,,,,,,,,,,,
,,,,,,,,,,,,,,,,,,
,,,,,,,,,,,,,,,,,,
,,,,,,,,,,,,,,,,,,
,,,,,,,,,,,,,,,,,,
,,,,,,,,,,,,,,,,,,
,,,,,,,,,,,,,,,,,,
,,,,,,,,,,,,,,,,,,
,,,,,,,,,,,,,,,,,,
,,,,,,,,,,,,,,,,,,
,,,,,,,,,,,,,,,,,,
,,,,,,,,,,,,,,,,,,
,,,,,,,,,,,,,,,,,,
,,,,,,,,,,,,,,,,,,
,,,,,,,,,,,,,,,,,,
,,,,,,,,,,,,,,,,,,
,,,,,,,,,,,,,,,,,,
,,,,,,,,,,,,,,,,,,
,,,,,,,,,,,,,,,,,,
,,,,,,,,,,,,,,,,,,
,,,,,,,,,,,,,,,,,,
,,,,,,,,,,,,,,,,,,
,,,,,,,,,,,,,,,,,,
,,,,,,,,,,,,,,,,,,
,,,,,,,,,,,,,,,,,,
,,,,,,,,,,,,,,,,,,
,,,,,,,,,,,,,,,,,,
,,,,,,,,,,,,,,,,,,
,,,,,,,,,,,,,,,,,,
,,,,,,,,,,,,,,,,,,
,,,,,,,,,,,,,,,,,,
,,,,,,,,,,,,,,,,,,
,,,,,,,,,,,,,,,,,,
,,,,,,,,,,,,,,,,,,
,,,,,,,,,,,,,,,,,,
,,,,,,,,,,,,,,,,,,
,,,,,,,,,,,,,,,,,,
,,,,,,,,,,,,,,,,,,
,,,,,,,,,,,,,,,,,,
,,,,,,,,,,,,,,,,,,
,,,,,,,,,,,,,,,,,,
,,,,,,,,,,,,,,,,,,
,,,,,,,,,,,,,,,,,,
,,,,,,,,,,,,,,,,,,
,,,,,,,,,,,,,,,,,,
,,,,,,,,,,,,,,,,,,
,,,,,,,,,,,,,,,,,,
,,,,,,,,,,,,,,,,,,
,,,,,,,,,,,,,,,,,,
,,,,,,,,,,,,,,,,,,
,,,,,,,,,,,,,,,,,,
,,,,,,,,,,,,,,,,,,
,,,,,,,,,,,,,,,,,,
,,,,,,,,,,,,,,,,,,
,,,,,,,,,,,,,,,,,,
,,,,,,,,,,,,,,,,,,
,,,,,,,,,,,,,,,,,,
,,,,,,,,,,,,,,,,,,
,,,,,,,,,,,,,,,,,,
,,,,,,,,,,,,,,,,,,
,,,,,,,,,,,,,,,,,,
,,,,,,,,,,,,,,,,,,
,,,,,,,,,,,,,,,,,,
,,,,,,,,,,,,,,,,,,
,,,,,,,,,,,,,,,,,,
,,,,,,,,,,,,,,,,,,
,,,,,,,,,,,,,,,,,,
,,,,,,,,,,,,,,,,,,
,,,,,,,,,,,,,,,,,,
,,,,,,,,,,,,,,,,,,
,,,,,,,,,,,,,,,,,,
,,,,,,,,,,,,,,,,,,
,,,,,,,,,,,,,,,,,,
,,,,,,,,,,,,,,,,,,
,,,,,,,,,,,,,,,,,,
,,,,,,,,,,,,,,,,,,
,,,,,,,,,,,,,,,,,,
,,,,,,,,,,,,,,,,,,
,,,,,,,,,,,,,,,,,,
,,,,,,,,,,,,,,,,,,
,,,,,,,,,,,,,,,,,,
,,,,,,,,,,,,,,,,,,
,,,,,,,,,,,,,,,,,,
,,,,,,,,,,,,,,,,,,
,,,,,,,,,,,,,,,,,,
,,,,,,,,,,,,,,,,,,
,,,,,,,,,,,,,,,,,,
,,,,,,,,,,,,,,,,,,
,,,,,,,,,,,,,,,,,,
,,,,,,,,,,,,,,,,,,
,,,,,,,,,,,,,,,,,,
,,,,,,,,,,,,,,,,,,
,,,,,,,,,,,,,,,,,,
,,,,,,,,,,,,,,,,,,
,,,,,,,,,,,,,,,,,,
,,,,,,,,,,,,,,,,,,
,,,,,,,,,,,,,,,,,,
,,,,,,,,,,,,,,,,,,
,,,,,,,,,,,,,,,,,,
,,,,,,,,,,,,,,,,,,
,,,,,,,,,,,,,,,,,,
,,,,,,,,,,,,,,,,,,
,,,,,,,,,,,,,,,,,,
,,,,,,,,,,,,,,,,,,
,,,,,,,,,,,,,,,,,,
,,,,,,,,,,,,,,,,,,
,,,,,,,,,,,,,,,,,,
,,,,,,,,,,,,,,,,,,
,,,,,,,,,,,,,,,,,,
,,,,,,,,,,,,,,,,,,
,,,,,,,,,,,,,,,,,,
,,,,,,,,,,,,,,,,,,
,,,,,,,,,,,,,,,,,,
,,,,,,,,,,,,,,,,,,
,,,,,,,,,,,,,,,,,,
,,,,,,,,,,,,,,,,,,
,,,,,,,,,,,,,,,,,,
,,,,,,,,,,,,,,,,,,
,,,,,,,,,,,,,,,,,,
,,,,,,,,,,,,,,,,,,
,,,,,,,,,,,,,,,,,,
,,,,,,,,,,,,,,,,,,
,,,,,,,,,,,,,,,,,,
,,,,,,,,,,,,,,,,,,
,,,,,,,,,,,,,,,,,,
,,,,,,,,,,,,,,,,,,
,,,,,,,,,,,,,,,,,,
,,,,,,,,,,,,,,,,,,
,,,,,,,,,,,,,,,,,,
,,,,,,,,,,,,,,,,,,
,,,,,,,,,,,,,,,,,,
,,,,,,,,,,,,,,,,,,
,,,,,,,,,,,,,,,,,,
,,,,,,,,,,,,,,,,,,
,,,,,,,,,,,,,,,,,,
,,,,,,,,,,,,,,,,,,
,,,,,,,,,,,,,,,,,,
,,,,,,,,,,,,,,,,,,
,,,,,,,,,,,,,,,,,,
,,,,,,,,,,,,,,,,,,
,,,,,,,,,,,,,,,,,,
,,,,,,,,,,,,,,,,,,
,,,,,,,,,,,,,,,,,,
,,,,,,,,,,,,,,,,,,
,,,,,,,,,,,,,,,,,,
,,,,,,,,,,,,,,,,,,
,,,,,,,,,,,,,,,,,,
,,,,,,,,,,,,,,,,,,
,,,,,,,,,,,,,,,,,,
,,,,,,,,,,,,,,,,,,
,,,,,,,,,,,,,,,,,,
,,,,,,,,,,,,,,,,,,
,,,,,,,,,,,,,,,,,,
,,,,,,,,,,,,,,,,,,
,,,,,,,,,,,,,,,,,,
,,,,,,,,,,,,,,,,,,
,,,,,,,,,,,,,,,,,,
,,,,,,,,,,,,,,,,,,
,,,,,,,,,,,,,,,,,,
,,,,,,,,,,,,,,,,,,
,,,,,,,,,,,,,,,,,,
,,,,,,,,,,,,,,,,,,
,,,,,,,,,,,,,,,,,,
,,,,,,,,,,,,,,,,,,
,,,,,,,,,,,,,,,,,,
,,,,,,,,,,,,,,,,,,
,,,,,,,,,,,,,,,,,,
,,,,,,,,,,,,,,,,,,
,,,,,,,,,,,,,,,,,,
,,,,,,,,,,,,,,,,,,
,,,,,,,,,,,,,,,,,,
,,,,,,,,,,,,,,,,,,
,,,,,,,,,,,,,,,,,,
,,,,,,,,,,,,,,,,,,
,,,,,,,,,,,,,,,,,,
,,,,,,,,,,,,,,,,,,
,,,,,,,,,,,,,,,,,,
,,,,,,,,,,,,,,,,,,
,,,,,,,,,,,,,,,,,,
,,,,,,,,,,,,,,,,,,
,,,,,,,,,,,,,,,,,,
,,,,,,,,,,,,,,,,,,
,,,,,,,,,,,,,,,,,,
,,,,,,,,,,,,,,,,,,
,,,,,,,,,,,,,,,,,,
,,,,,,,,,,,,,,,,,,
,,,,,,,,,,,,,,,,,,
,,,,,,,,,,,,,,,,,,
,,,,,,,,,,,,,,,,,,
,,,,,,,,,,,,,,,,,,
,,,,,,,,,,,,,,,,,,
,,,,,,,,,,,,,,,,,,
,,,,,,,,,,,,,,,,,,
,,,,,,,,,,,,,,,,,,
,,,,,,,,,,,,,,,,,,
,,,,,,,,,,,,,,,,,,
,,,,,,,,,,,,,,,,,,
,,,,,,,,,,,,,,,,,,
,,,,,,,,,,,,,,,,,,
,,,,,,,,,,,,,,,,,,
,,,,,,,,,,,,,,,,,,
,,,,,,,,,,,,,,,,,,
,,,,,,,,,,,,,,,,,,
,,,,,,,,,,,,,,,,,,
,,,,,,,,,,,,,,,,,,
,,,,,,,,,,,,,,,,,,
,,,,,,,,,,,,,,,,,,
,,,,,,,,,,,,,,,,,,
,,,,,,,,,,,,,,,,,,
,,,,,,,,,,,,,,,,,,
,,,,,,,,,,,,,,,,,,
,,,,,,,,,,,,,,,,,,
,,,,,,,,,,,,,,,,,,
,,,,,,,,,,,,,,,,,,
,,,,,,,,,,,,,,,,,,
,,,,,,,,,,,,,,,,,,
,,,,,,,,,,,,,,,,,,
,,,,,,,,,,,,,,,,,,
,,,,,,,,,,,,,,,,,,
,,,,,,,,,,,,,,,,,,
,,,,,,,,,,,,,,,,,,
,,,,,,,,,,,,,,,,,,
,,,,,,,,,,,,,,,,,,
,,,,,,,,,,,,,,,,,,
,,,,,,,,,,,,,,,,,,
,,,,,,,,,,,,,,,,,,
,,,,,,,,,,,,,,,,,,
,,,,,,,,,,,,,,,,,,
,,,,,,,,,,,,,,,,,,
,,,,,,,,,,,,,,,,,,
,,,,,,,,,,,,,,,,,,
,,,,,,,,,,,,,,,,,,
,,,,,,,,,,,,,,,,,,
,,,,,,,,,,,,,,,,,,
,,,,,,,,,,,,,,,,,,
,,,,,,,,,,,,,,,,,,
,,,,,,,,,,,,,,,,,,
,,,,,,,,,,,,,,,,,,
,,,,,,,,,,,,,,,,,,
,,,,,,,,,,,,,,,,,,
,,,,,,,,,,,,,,,,,,
,,,,,,,,,,,,,,,,,,
,,,,,,,,,,,,,,,,,,
,,,,,,,,,,,,,,,,,,
,,,,,,,,,,,,,,,,,,
,,,,,,,,,,,,,,,,,,
,,,,,,,,,,,,,,,,,,
,,,,,,,,,,,,,,,,,,
,,,,,,,,,,,,,,,,,,
,,,,,,,,,,,,,,,,,,
,,,,,,,,,,,,,,,,,,
,,,,,,,,,,,,,,,,,,
,,,,,,,,,,,,,,,,,,
,,,,,,,,,,,,,,,,,,
,,,,,,,,,,,,,,,,,,
,,,,,,,,,,,,,,,,,,
,,,,,,,,,,,,,,,,,,
,,,,,,,,,,,,,,,,,,
,,,,,,,,,,,,,,,,,,
,,,,,,,,,,,,,,,,,,
,,,,,,,,,,,,,,,,,,
,,,,,,,,,,,,,,,,,,
,,,,,,,,,,,,,,,,,,
,,,,,,,,,,,,,,,,,,
,,,,,,,,,,,,,,,,,,
,,,,,,,,,,,,,,,,,,
,,,,,,,,,,,,,,,,,,
,,,,,,,,,,,,,,,,,,
,,,,,,,,,,,,,,,,,,
,,,,,,,,,,,,,,,,,,
,,,,,,,,,,,,,,,,,,
,,,,,,,,,,,,,,,,,,
,,,,,,,,,,,,,,,,,,
,,,,,,,,,,,,,,,,,,
,,,,,,,,,,,,,,,,,,
,,,,,,,,,,,,,,,,,,
,,,,,,,,,,,,,,,,,,
,,,,,,,,,,,,,,,,,,
,,,,,,,,,,,,,,,,,,
,,,,,,,,,,,,,,,,,,
,,,,,,,,,,,,,,,,,,
,,,,,,,,,,,,,,,,,,
,,,,,,,,,,,,,,,,,,
,,,,,,,,,,,,,,,,,,
,,,,,,,,,,,,,,,,,,
,,,,,,,,,,,,,,,,,,
,,,,,,,,,,,,,,,,,,
,,,,,,,,,,,,,,,,,,
,,,,,,,,,,,,,,,,,,
,,,,,,,,,,,,,,,,,,
,,,,,,,,,,,,,,,,,,
,,,,,,,,,,,,,,,,,,
,,,,,,,,,,,,,,,,,,
,,,,,,,,,,,,,,,,,,
,,,,,,,,,,,,,,,,,,
,,,,,,,,,,,,,,,,,,
,,,,,,,,,,,,,,,,,,
,,,,,,,,,,,,,,,,,,
,,,,,,,,,,,,,,,,,,
,,,,,,,,,,,,,,,,,,
,,,,,,,,,,,,,,,,,,
,,,,,,,,,,,,,,,,,,
,,,,,,,,,,,,,,,,,,
,,,,,,,,,,,,,,,,,,
,,,,,,,,,,,,,,,,,,
,,,,,,,,,,,,,,,,,,
,,,,,,,,,,,,,,,,,,
,,,,,,,,,,,,,,,,,,
,,,,,,,,,,,,,,,,,,
,,,,,,,,,,,,,,,,,,
,,,,,,,,,,,,,,,,,,
,,,,,,,,,,,,,,,,,,
,,,,,,,,,,,,,,,,,,
,,,,,,,,,,,,,,,,,,
,,,,,,,,,,,,,,,,,,
,,,,,,,,,,,,,,,,,,
,,,,,,,,,,,,,,,,,,
,,,,,,,,,,,,,,,,,,
,,,,,,,,,,,,,,,,,,
,,,,,,,,,,,,,,,,,,
,,,,,,,,,,,,,,,,,,
,,,,,,,,,,,,,,,,,,
,,,,,,,,,,,,,,,,,,
,,,,,,,,,,,,,,,,,,
,,,,,,,,,,,,,,,,,,
,,,,,,,,,,,,,,,,,,
,,,,,,,,,,,,,,,,,,
,,,,,,,,,,,,,,,,,,
,,,,,,,,,,,,,,,,,,
,,,,,,,,,,,,,,,,,,
,,,,,,,,,,,,,,,,,,
,,,,,,,,,,,,,,,,,,
,,,,,,,,,,,,,,,,,,
,,,,,,,,,,,,,,,,,,
,,,,,,,,,,,,,,,,,,
,,,,,,,,,,,,,,,,,,
,,,,,,,,,,,,,,,,,,
,,,,,,,,,,,,,,,,,,
,,,,,,,,,,,,,,,,,,
,,,,,,,,,,,,,,,,,,
,,,,,,,,,,,,,,,,,,
