import_name,dcid,data_url,script_url,method,last_modified_timestamp,raw_timestamp,previous_timestamp,changed,check_time,status,error,is_verified,verification_confidence,verification_reasoning,suggested_timestamp
BIS Central Bank Policy Rate,BIS_CentralBankPolicyRate,https://data.bis.org/static/bulk/WS_CBPOL_csv_flat.zip,https://github.com/datacommonsorg/data/blob/master/util/download_util_script.py,http_head,2026-02-11T09:22:49+00:00,"Wed, 11 Feb 2026 09:22:49 GMT",2026-02-11T09:22:49+00:00,False,2026-02-16T13:17:28.491770,success,,True,100%,"The extracted timestamp matches the only available timestamp on the page, and there are no other indicators of a more recent update. The lack of explicit 'Last Updated' or 'Last Modified' phrases does not diminish the confidence, as the single timestamp provided is likely to represent the last update time.",
USA Child Birth,usa_child_birth,https://data.cdc.gov/api/views/hmz2-vwda/rows.csv?accessType=DOWNLOAD,https://github.com/datacommonsorg/data/blob/master/util/download_util_script.py,http_head,2024-12-11T21:23:41+00:00,"Wed, 11 Dec 2024 21:23:41 GMT",2024-12-11T21:23:41+00:00,False,2026-02-16T13:17:32.745189,success,,False,20%,"The extracted timestamp appears to be a generic server response timestamp and not a specific 'last modified' or 'last updated' date for the data source. There is no clear indication that this timestamp refers to the data itself, rather than the webpage or server.",
FBI Gov Crime,FBIGovCrime,https://cde.ucr.cjis.gov/LATEST/webapp/#/pages/downloads,https://github.com/datacommonsorg/data/blob/master/statvar_imports/fbi/fbigovcrime/fbigovcrime_downlod_script.py,selenium,,,2025-08-05T00:00:00,False,2026-02-16T13:18:45.259235,success,,,,,
USA DOL Wages,USA_DOL_Wages,https://www.dol.gov/agencies/whd/state/minimum-wage/history,https://github.com/datacommonsorg/data/blob/master/statvar_imports/usa_dol/minimum_wage/usa_dol_wages_download_script.py,selenium,,,2025-01-16T00:00:00,False,2026-02-16T13:18:59.734944,success,,,,,
Mongolia Imports,mongolia_imports,https://opendata.1212.mn/,https://github.com/datacommonsorg/data/blob/master/statvar_imports/mongolia_imports/common_download_script.py,beautifulsoup,,,,False,2026-02-16T13:19:01.718155,success,,,,,
FAO Currency Statvar,FAO_Currency_statvar,https://bulks-faostat.fao.org/production/Exchange_rate_E_All_Data.zip,https://github.com/datacommonsorg/data/blob/master/statvar_imports/fao_currency_and_exchange_rate/fao_currency_statvar/download.sh,cli,2025-10-13T07:41:29+00:00,"Mon, 13 Oct 2025 07:41:29 GMT",2025-10-13T07:41:29+00:00,False,2026-02-16T13:19:02.818784,success,,True,100%,"The extracted timestamp 'Mon, 13 Oct 2025 07:41:29 GMT' is directly provided in the page content without any additional context or conflicting information, suggesting it is the last modified/updated date for the data source.",
CDC 500 Places,CDC500,https://chronicdata.cdc.gov/api/views/swc5-untb.json,https://github.com/datacommonsorg/data/blob/master/scripts/us_cdc/500_places/download_bulk.py,api,2025-12-04T16:05:06,1764844506,2025-12-04T16:05:06,False,2026-02-16T13:19:05.624594,success,,,,"To verify if the extracted timestamp ""1764844506"" is the actual last modified or updated date for the data source, let's analyze the provided content.

First, we need to convert the given timestamp into a human-readable format to understand its significance. The timestamp ""1764844506"" corresponds to a Unix timestamp, which can be converted to a date and time. This particular timestamp translates to approximately Wednesday, February 21, 2024, at 06:41:46 UTC.

Looking through the provided JSON co",
